-- MySQL dump 10.13  Distrib 8.4.0, for Linux (x86_64)
--
-- Host: localhost    Database: data_science
-- ------------------------------------------------------
-- Server version	5.5.5-10.3.39-MariaDB-0ubuntu0.20.04.2

/*!40101 SET @OLD_CHARACTER_SET_CLIENT=@@CHARACTER_SET_CLIENT */;
/*!40101 SET @OLD_CHARACTER_SET_RESULTS=@@CHARACTER_SET_RESULTS */;
/*!40101 SET @OLD_COLLATION_CONNECTION=@@COLLATION_CONNECTION */;
/*!50503 SET NAMES utf8mb4 */;
/*!40103 SET @OLD_TIME_ZONE=@@TIME_ZONE */;
/*!40103 SET TIME_ZONE='+00:00' */;
/*!40014 SET @OLD_UNIQUE_CHECKS=@@UNIQUE_CHECKS, UNIQUE_CHECKS=0 */;
/*!40014 SET @OLD_FOREIGN_KEY_CHECKS=@@FOREIGN_KEY_CHECKS, FOREIGN_KEY_CHECKS=0 */;
/*!40101 SET @OLD_SQL_MODE=@@SQL_MODE, SQL_MODE='NO_AUTO_VALUE_ON_ZERO' */;
/*!40111 SET @OLD_SQL_NOTES=@@SQL_NOTES, SQL_NOTES=0 */;

--
-- Table structure for table `actividades`
--

DROP TABLE IF EXISTS `actividades`;
/*!40101 SET @saved_cs_client     = @@character_set_client */;
/*!50503 SET character_set_client = utf8mb4 */;
CREATE TABLE `actividades` (
  `id` int(11) NOT NULL AUTO_INCREMENT,
  `idProfesor` int(11) DEFAULT NULL,
  `correoProfesor` text DEFAULT NULL,
  `actividad` text DEFAULT NULL,
  `inicio` date DEFAULT NULL,
  `fin` date NOT NULL,
  `descripcion` text DEFAULT NULL,
  `validado` tinyint(4) NOT NULL DEFAULT 1,
  `comprobante` text NOT NULL,
  PRIMARY KEY (`id`),
  KEY `idProfesor` (`idProfesor`),
  CONSTRAINT `actividades_ibfk_1` FOREIGN KEY (`idProfesor`) REFERENCES `profesores` (`id`)
) ENGINE=InnoDB AUTO_INCREMENT=101 DEFAULT CHARSET=utf8mb4 COLLATE=utf8mb4_general_ci;
/*!40101 SET character_set_client = @saved_cs_client */;

--
-- Dumping data for table `actividades`
--

LOCK TABLES `actividades` WRITE;
/*!40000 ALTER TABLE `actividades` DISABLE KEYS */;
INSERT INTO `actividades` VALUES (1,NULL,'jtenorio@mixteco.utm.mx','Elaboración de reactivos para el examen de selección para ingenierías SUNEO 2016 ','2016-05-13','2016-01-01','Esta actividad se realiza para poder generar ...',1,'jtenorio@mixteco.utm.mx.pdf'),(2,203,'grmary@mixteco.utm.mx','quis lectus. Nullam suscipit, est','2024-03-28','2024-08-13','gravida nunc sed pede. Cum sociis natoque',1,'grmary@mixteco.utm.mx.pdf'),(3,82,'mmoreno@mixteco.utm.mx','ipsum non arcu. Vivamus sit','2024-04-22','2024-12-10','a, magna. Lorem ipsum dolor sit amet, consectetuer',1,'mmoreno@mixteco.utm.mx.pdf'),(4,113,'mam@mixteco.utm.mx','pharetra. Quisque ac libero nec ligula','2024-05-29','2024-12-09','amet ornare lectus justo eu arcu. Morbi sit',1,'mam@mixteco.utm.mx.pdf'),(5,157,'ssanchez@mixteco.utm.mx','consectetuer adipiscing elit. Aliquam auctor,','2024-01-26','2024-08-01','In scelerisque scelerisque dui. Suspendisse ac metus',1,'ssanchez@mixteco.utm.mx.pdf'),(6,202,'alicia@mixteco.utm.mx','orci. Donec nibh. Quisque nonummy','2024-01-12','2024-12-13','faucibus. Morbi vehicula. Pellentesque tincidunt tempus risus.',1,'alicia@mixteco.utm.mx.pdf'),(7,98,'gris@mixteco.utm.mx','eu dui. Cum sociis natoque penatibus et','2024-06-03','2024-10-16','mattis. Cras eget nisi dictum augue malesuada malesuada.',1,'gris@mixteco.utm.mx.pdf'),(8,82,'enriquereyesarzola@mixteco.utm.mx','Phasellus dolor elit,','2024-01-20','2024-10-18','porttitor scelerisque neque. Nullam nisl. Maecenas malesuada',1,'enriquereyesarzola@mixteco.utm.mx.pdf'),(9,15,'vero0304@mixteco.utm.mx','ac orci. Ut semper pretium','2024-01-08','2024-10-07','dignissim tempor arcu. Vestibulum ut eros non',1,'vero0304@mixteco.utm.mx.pdf'),(10,204,'ltaraujo@mixteco.utm.mx','Aliquam ultrices iaculis odio. Nam interdum enim','2024-03-25','2024-07-31','ut mi. Duis risus odio,',1,'ltaraujo@mixteco.utm.mx.pdf'),(11,44,'madg@mixteco.utm.mx','Donec est mauris,','2024-02-09','2024-07-02','semper et, lacinia vitae, sodales at, velit.',1,'madg@mixteco.utm.mx.pdf'),(12,8,'galdino.cardel@mixteco.utm.mx','risus varius orci, in consequat','2024-04-19','2024-10-05','vel sapien imperdiet ornare. In faucibus.',1,'galdino.cardel@mixteco.utm.mx.pdf'),(13,23,'iguillenc@mixteco.utm.mx','Pellentesque tincidunt tempus risus.','2024-03-12','2024-10-29','lectus justo eu arcu. Morbi sit',1,'iguillenc@mixteco.utm.mx.pdf'),(14,203,'martharuiz@mixteco.utm.mx','Sed et libero.','2024-06-07','2024-07-19','nonummy ipsum non arcu. Vivamus sit amet',1,'martharuiz@mixteco.utm.mx.pdf'),(15,26,'rmluis@mixteco.utm.mx','mi tempor lorem, eget','2024-03-30','2024-07-07','enim mi tempor lorem, eget mollis lectus',1,'rmluis@mixteco.utm.mx.pdf'),(16,42,'mdbarreiro@mixteco.utm.mx','vehicula et, rutrum eu, ultrices','2024-02-03','2024-08-03','a, dui. Cras pellentesque. Sed',1,'mdbarreiro@mixteco.utm.mx.pdf'),(17,206,'ltaraujo@mixteco.utm.mx','elit, pellentesque a, facilisis','2024-06-04','2024-10-27','ipsum primis in faucibus orci',1,'ltaraujo@mixteco.utm.mx.pdf'),(18,84,'dsalazar@mixteco.utm.mx','semper rutrum. Fusce dolor quam,','2024-03-03','2024-07-01','nascetur ridiculus mus. Donec dignissim magna a tortor.',1,'dsalazar@mixteco.utm.mx.pdf'),(19,117,'rafaelmtz@mixteco.utm.mx','Integer urna. Vivamus molestie dapibus ligula.','2024-01-10','2024-07-06','tellus id nunc interdum feugiat. Sed nec',1,'rafaelmtz@mixteco.utm.mx.pdf'),(20,47,'ypaz@mixteco.utm.mx','nibh sit amet orci. Ut','2024-05-20','2024-07-14','Mauris vel turpis. Aliquam adipiscing lobortis risus.',1,'ypaz@mixteco.utm.mx.pdf'),(21,32,'yaneth@mixteco.utm.mx','sit amet risus. Donec egestas. Aliquam','2024-03-05','2024-12-16','et, euismod et, commodo at, libero.',1,'yaneth@mixteco.utm.mx.pdf'),(22,74,'orquidea@mixteco.utm.mx','diam eu dolor egestas rhoncus. Proin','2024-06-19','2024-07-30','rhoncus. Proin nisl sem, consequat',1,'orquidea@mixteco.utm.mx.pdf'),(23,199,'fsantiag@mixteco.utm.mx','odio, auctor vitae, aliquet nec, imperdiet','2024-01-09','2024-10-23','luctus, ipsum leo elementum sem,',1,'fsantiag@mixteco.utm.mx.pdf'),(24,66,'profesor1empresariales@mixteco.utm.','neque et nunc. Quisque ornare','2024-05-21','2024-10-04','Donec sollicitudin adipiscing ligula. Aenean gravida',1,'profesor1empresariales@mixteco.utm..pdf'),(25,149,'josegahez@mixteco.utm.mx','turpis. Nulla aliquet. Proin','2024-04-05','2024-07-31','dolor, tempus non, lacinia at, iaculis quis,',1,'josegahez@mixteco.utm.mx.pdf'),(26,107,'vero0304@mixteco.utm.mx','sit amet, consectetuer','2024-02-29','2024-12-12','ut, nulla. Cras eu tellus eu augue porttitor',1,'vero0304@mixteco.utm.mx.pdf'),(27,125,'ejusto@mixteco.utm.mx','leo. Cras vehicula aliquet libero. Integer','2024-06-02','2024-12-16','erat nonummy ultricies ornare, elit',1,'ejusto@mixteco.utm.mx.pdf'),(28,180,'mjesus@mixteco.utm.mx','id, libero. Donec consectetuer mauris','2024-02-22','2024-07-11','sociis natoque penatibus et magnis',1,'mjesus@mixteco.utm.mx.pdf'),(29,52,'rmarquez@mixteco.utm.mx','ac, feugiat non, lobortis','2024-03-17','2024-11-13','urna. Vivamus molestie dapibus ligula. Aliquam erat volutpat.',1,'rmarquez@mixteco.utm.mx.pdf'),(30,157,'rrosas@mixteco.utm.mx','Integer in magna. Phasellus','2024-03-18','2024-08-19','adipiscing lacus. Ut nec urna',1,'rrosas@mixteco.utm.mx.pdf'),(31,100,'patsanmx@mixteco.utm.mx','amet, consectetuer adipiscing elit. Curabitur','2024-03-23','2024-11-06','Etiam laoreet, libero et tristique pellentesque,',1,'patsanmx@mixteco.utm.mx.pdf'),(32,229,'taniam@mixteco.utm.mx','nonummy ultricies ornare, elit','2024-06-30','2024-10-09','et ultrices posuere cubilia Curae Donec tincidunt.',1,'taniam@mixteco.utm.mx.pdf'),(33,196,'rosario@mixteco.utm.mx','ac risus. Morbi metus. Vivamus','2024-04-19','2024-09-27','Duis cursus, diam at pretium aliquet,',1,'rosario@mixteco.utm.mx.pdf'),(34,185,'pedroantonio@mixteco.utm.mx','quam a felis ullamcorper viverra.','2024-06-09','2024-07-23','vel nisl. Quisque fringilla euismod enim. Etiam gravida',1,'pedroantonio@mixteco.utm.mx.pdf'),(35,126,'oallende@mixteco.utm.mx','a, magna. Lorem ipsum dolor sit','2024-01-28','2024-11-07','Nullam lobortis quam a felis ullamcorper viverra.',1,'oallende@mixteco.utm.mx.pdf'),(36,129,'esanchez@mixteco.utm.mx','at sem molestie sodales. Mauris blandit','2024-03-11','2024-07-05','tempus eu, ligula. Aenean euismod mauris',1,'esanchez@mixteco.utm.mx.pdf'),(37,67,'angoaprovis@mixteco.utm.mx','sit amet, consectetuer','2024-01-07','2024-10-20','Integer urna. Vivamus molestie dapibus',1,'angoaprovis@mixteco.utm.mx.pdf'),(38,46,'ludmila@mixteco.utm.mx','pellentesque massa lobortis ultrices.','2024-02-15','2024-09-01','eleifend, nunc risus varius orci, in consequat',1,'ludmila@mixteco.utm.mx.pdf'),(39,61,'mmoreno@mixteco.utm.mx','ante. Vivamus non','2024-02-01','2024-09-08','nascetur ridiculus mus. Aenean eget magna. Suspendisse',1,'mmoreno@mixteco.utm.mx.pdf'),(40,134,'ocetxim@mixteco.utm.mx','tortor, dictum eu, placerat eget, venenatis','2024-02-12','2024-08-29','Nulla facilisi. Sed neque. Sed eget lacus. Mauris',1,'ocetxim@mixteco.utm.mx.pdf'),(41,127,'jose@mixteco.utm.mx','gravida molestie arcu. Sed eu','2024-06-22','2024-10-01','Curae Phasellus ornare. Fusce mollis.',1,'jose@mixteco.utm.mx.pdf'),(42,47,'rmluis@mixteco.utm.mx','turpis. In condimentum. Donec at arcu.','2024-03-18','2024-11-13','eu odio tristique pharetra. Quisque ac libero',1,'rmluis@mixteco.utm.mx.pdf'),(43,141,'liliana@mixteco.utm.mx','ac turpis egestas. Fusce aliquet magna','2024-01-31','2024-09-12','nec, mollis vitae, posuere at, velit. Cras',1,'liliana@mixteco.utm.mx.pdf'),(44,132,'thaliarr@mixteco.utm.mx','augue porttitor interdum.','2024-02-25','2024-07-21','Phasellus in felis. Nulla tempor augue',1,'thaliarr@mixteco.utm.mx.pdf'),(45,120,'mmartinez@mixteco.utm.mx','consequat purus. Maecenas libero est, congue','2024-01-19','2024-11-09','molestie dapibus ligula. Aliquam erat volutpat. Nulla',1,'mmartinez@mixteco.utm.mx.pdf'),(46,16,'edith@mixteco.utm.mx','pulvinar arcu et pede. Nunc','2024-03-04','2024-11-13','libero. Donec consectetuer mauris id sapien. Cras dolor',1,'edith@mixteco.utm.mx.pdf'),(47,244,'jramirez@mixteco.utm.mx','sagittis felis. Donec tempor, est','2024-01-18','2024-11-19','nec tempus scelerisque, lorem ipsum sodales',1,'jramirez@mixteco.utm.mx.pdf'),(48,117,'creyes@mixteco.utm.mx','quis turpis vitae purus gravida','2024-05-14','2024-09-23','Curabitur vel lectus. Cum sociis natoque',1,'creyes@mixteco.utm.mx.pdf'),(49,50,'alevelar@mixteco.utm.mx','ipsum. Donec sollicitudin adipiscing ligula.','2024-02-06','2024-11-01','velit. Pellentesque ultricies dignissim lacus. Aliquam rutrum lorem',1,'alevelar@mixteco.utm.mx.pdf'),(50,96,'rsalas@mixteco.utm.mx','Ut semper pretium neque. Morbi','2024-04-27','2024-12-28','penatibus et magnis dis parturient montes, nascetur',1,'rsalas@mixteco.utm.mx.pdf'),(51,130,'rjamaro@mixteco.utm.mx','mauris sagittis placerat. Cras dictum','2024-01-30','2024-11-08','Sed pharetra, felis eget varius ultrices,',1,'rjamaro@mixteco.utm.mx.pdf'),(52,159,'maria.lopez@mixteco.utm.mx','nec quam. Curabitur vel','2024-05-04','2024-08-05','sapien molestie orci tincidunt adipiscing. Mauris molestie',1,'maria.lopez@mixteco.utm.mx.pdf'),(53,39,'jose@mixteco.utm.mx','egestas ligula. Nullam feugiat placerat','2024-05-23','2024-11-27','dapibus ligula. Aliquam erat volutpat. Nulla dignissim.',1,'jose@mixteco.utm.mx.pdf'),(54,50,'jaesba@mixteco.utm.mx','ut erat. Sed nunc est, mollis non,','2024-01-12','2024-09-27','sed dolor. Fusce mi lorem, vehicula et, rutrum',1,'jaesba@mixteco.utm.mx.pdf'),(55,78,'jamoreno@mixteco.utm.mx','Nunc mauris sapien, cursus in,','2024-05-04','2024-08-22','est. Nunc ullamcorper, velit in aliquet',1,'jamoreno@mixteco.utm.mx.pdf'),(56,131,'jbarahona@mixteco.utm.mx','sit amet, risus. Donec nibh','2024-01-28','2024-11-04','adipiscing, enim mi tempor lorem, eget mollis',1,'jbarahona@mixteco.utm.mx.pdf'),(57,147,'ltrujillo@mixteco.utm.mx','vitae velit egestas lacinia. Sed','2024-01-02','2024-10-17','sit amet, consectetuer adipiscing elit. Etiam laoreet, libero',1,'ltrujillo@mixteco.utm.mx.pdf'),(58,99,'rmiranda@mixteco.utm.mx','nulla magna, malesuada vel,','2024-01-12','2024-10-02','varius. Nam porttitor scelerisque neque. Nullam nisl.',1,'rmiranda@mixteco.utm.mx.pdf'),(59,211,'eisaac@mixteco.utm.mx','nibh sit amet','2024-05-25','2024-08-31','ipsum nunc id enim. Curabitur',1,'eisaac@mixteco.utm.mx.pdf'),(60,28,'alicia@mixteco.utm.mx','tincidunt orci quis lectus.','2024-05-14','2024-10-11','ante, iaculis nec, eleifend non, dapibus rutrum, justo.',1,'alicia@mixteco.utm.mx.pdf'),(61,88,'jesuslopezluna@mixteco.utm.mx','at, velit. Pellentesque ultricies dignissim','2024-01-13','2024-08-17','cursus, diam at pretium aliquet, metus',1,'jesuslopezluna@mixteco.utm.mx.pdf'),(62,105,'ltrujillo@mixteco.utm.mx','diam at pretium','2024-02-25','2024-11-10','tempor, est ac mattis semper, dui',1,'ltrujillo@mixteco.utm.mx.pdf'),(63,105,'avith@mixteco.utm.mx','sem. Pellentesque ut ipsum ac mi','2024-06-13','2024-07-24','Etiam imperdiet dictum magna. Ut tincidunt orci',1,'avith@mixteco.utm.mx.pdf'),(64,10,'rmarquez@mixteco.utm.mx','quis diam luctus lobortis.','2024-04-25','2024-12-28','accumsan sed, facilisis vitae, orci. Phasellus',1,'rmarquez@mixteco.utm.mx.pdf'),(65,129,'ponce@mixteco.utm.mx','sem eget massa. Suspendisse eleifend. Cras sed','2024-02-16','2024-11-09','lorem fringilla ornare placerat, orci',1,'ponce@mixteco.utm.mx.pdf'),(66,45,'raguilaralderete@mixteco.utm.mx','enim nec tempus','2024-05-12','2024-09-15','lorem, sit amet ultricies sem magna',1,'raguilaralderete@mixteco.utm.mx.pdf'),(67,190,'iguillenc@mixteco.utm.mx','ut, pellentesque eget, dictum placerat, augue. Sed','2024-02-01','2024-12-18','magna, malesuada vel, convallis in, cursus et,',1,'iguillenc@mixteco.utm.mx.pdf'),(68,79,'rafaelmtz@mixteco.utm.mx','ridiculus mus. Donec dignissim magna a','2024-02-11','2024-10-21','penatibus et magnis dis parturient montes, nascetur ridiculus',1,'rafaelmtz@mixteco.utm.mx.pdf'),(69,86,'anibal@mixteco.utm.mx','leo. Cras vehicula','2024-03-03','2024-09-23','velit. Sed malesuada augue ut lacus. Nulla',1,'anibal@mixteco.utm.mx.pdf'),(70,130,'marioz@mixteco.utm.mx','dapibus gravida. Aliquam tincidunt,','2024-04-22','2024-10-08','Aliquam gravida mauris ut mi. Duis risus',1,'marioz@mixteco.utm.mx.pdf'),(71,56,'rmarquez@mixteco.utm.mx','accumsan convallis, ante','2024-04-19','2024-08-08','ultrices sit amet, risus. Donec nibh enim,',1,'rmarquez@mixteco.utm.mx.pdf'),(72,198,'nsantos@mixteco.utm.mx','luctus lobortis. Class aptent taciti sociosqu','2024-05-01','2024-12-07','massa. Vestibulum accumsan neque et nunc. Quisque ornare',1,'nsantos@mixteco.utm.mx.pdf'),(73,90,'rafagarcia@mixteco.utm.mx','cursus luctus, ipsum leo','2024-01-02','2024-12-17','est. Mauris eu turpis. Nulla',1,'rafagarcia@mixteco.utm.mx.pdf'),(74,168,'anibal@mixteco.utm.mx','semper cursus. Integer mollis.','2024-02-05','2024-09-26','semper. Nam tempor diam dictum sapien.',1,'anibal@mixteco.utm.mx.pdf'),(75,117,'odramirez@mixteco.utm.mx','sapien imperdiet ornare. In faucibus. Morbi','2024-03-23','2024-11-26','nonummy ipsum non arcu. Vivamus sit amet',1,'odramirez@mixteco.utm.mx.pdf'),(76,34,'jose.alfredo@mixteco.utm.mx','auctor ullamcorper, nisl arcu','2024-03-13','2024-08-24','placerat velit. Quisque varius. Nam porttitor scelerisque',1,'jose.alfredo@mixteco.utm.mx.pdf'),(77,68,'itzco80@mixteco.utm.mx','dis parturient montes, nascetur','2024-01-21','2024-07-06','Nunc sollicitudin commodo ipsum. Suspendisse non',1,'itzco80@mixteco.utm.mx.pdf'),(78,229,'corona@mixteco.utm.mx','congue, elit sed consequat auctor,','2024-02-15','2024-07-27','Nulla eu neque pellentesque massa lobortis ultrices.',1,'corona@mixteco.utm.mx.pdf'),(79,116,'rafagarcia@mixteco.utm.mx','sed, sapien. Nunc pulvinar arcu','2024-02-19','2024-09-21','Morbi metus. Vivamus euismod urna. Nullam lobortis quam',1,'rafagarcia@mixteco.utm.mx.pdf'),(80,114,'octavioalberto@mixteco.utm.mx','commodo at, libero.','2024-03-11','2024-09-28','Duis risus odio, auctor vitae, aliquet nec,',1,'octavioalberto@mixteco.utm.mx.pdf'),(81,126,'ccroldan@mixteco.utm.mx','Integer tincidunt aliquam arcu. Aliquam','2024-05-02','2024-11-12','posuere cubilia Curae Phasellus ornare. Fusce mollis.',1,'ccroldan@mixteco.utm.mx.pdf'),(82,200,'orquidea@mixteco.utm.mx','odio, auctor vitae, aliquet nec, imperdiet','2024-02-06','2024-08-31','Vivamus sit amet risus. Donec egestas. Aliquam nec',1,'orquidea@mixteco.utm.mx.pdf'),(83,32,'victorhugo@mixteco.utm.mx','sed, facilisis vitae, orci. Phasellus dapibus','2024-02-10','2024-11-19','lorem eu metus. In lorem. Donec elementum,',1,'victorhugo@mixteco.utm.mx.pdf'),(84,191,'caff@mixteco.utm.mx','arcu. Nunc mauris. Morbi non','2024-03-06','2024-08-22','hendrerit a, arcu. Sed et',1,'caff@mixteco.utm.mx.pdf'),(85,16,'rvaladez@mixteco.utm.mx','adipiscing elit. Aliquam auctor, velit eget','2024-05-28','2024-12-02','malesuada fames ac turpis egestas. Fusce aliquet',1,'rvaladez@mixteco.utm.mx.pdf'),(86,141,'jtenorio@mixteco.utm.mx','sed, hendrerit a, arcu. Sed','2024-05-25','2024-07-19','cursus et, eros. Proin ultrices. Duis volutpat',1,'jtenorio@mixteco.utm.mx.pdf'),(87,126,'itzco80@mixteco.utm.mx','interdum ligula eu','2024-06-25','2024-10-15','Donec est. Nunc ullamcorper, velit in aliquet',1,'itzco80@mixteco.utm.mx.pdf'),(88,159,'iturbide@mixteco.utm.mx','erat semper rutrum. Fusce dolor','2024-05-10','2024-07-20','ullamcorper. Duis cursus, diam at pretium aliquet,',1,'iturbide@mixteco.utm.mx.pdf'),(89,223,'jcarmona@mixteco.utm.mx','In lorem. Donec elementum, lorem ut','2024-05-01','2024-09-11','Duis sit amet diam eu',1,'jcarmona@mixteco.utm.mx.pdf'),(90,122,'santiago@mixteco.utm.mx','varius. Nam porttitor scelerisque','2024-05-11','2024-09-02','varius ultrices, mauris ipsum porta elit,',1,'santiago@mixteco.utm.mx.pdf'),(91,32,'martharuiz@mixteco.utm.mx','mus. Proin vel nisl.','2024-06-22','2024-10-18','non, hendrerit id, ante. Nunc',1,'martharuiz@mixteco.utm.mx.pdf'),(92,11,'maxvell@mixteco.utm.mx','ridiculus mus. Donec dignissim magna','2024-06-17','2024-07-24','nibh sit amet orci. Ut sagittis',1,'maxvell@mixteco.utm.mx.pdf'),(93,4,'plaza@mixteco.utm.mx','in consectetuer ipsum nunc id','2024-01-06','2024-12-26','rutrum urna, nec luctus felis purus',1,'plaza@mixteco.utm.mx.pdf'),(94,80,'carlosmtz@mixteco.utm.mx','amet, risus. Donec nibh enim,','2024-02-25','2024-11-09','pellentesque a, facilisis non, bibendum sed,',1,'carlosmtz@mixteco.utm.mx.pdf'),(95,232,'ochavez@mixteco.utm.mx','mus. Donec dignissim magna a tortor. Nunc','2024-03-15','2024-10-03','dolor sit amet, consectetuer adipiscing elit.',1,'ochavez@mixteco.utm.mx.pdf'),(96,106,'elfego@mixteco.utm.mx','Donec feugiat metus sit amet','2024-03-05','2024-10-17','dignissim tempor arcu. Vestibulum ut eros',1,'elfego@mixteco.utm.mx.pdf'),(97,186,'moises@mixteco.utm.mx','iaculis, lacus pede sagittis','2024-06-28','2024-10-02','faucibus orci luctus et ultrices posuere',1,'moises@mixteco.utm.mx.pdf'),(98,196,'caff@mixteco.utm.mx','orci luctus et ultrices posuere cubilia','2024-04-13','2024-08-30','tempus non, lacinia at, iaculis quis,',1,'caff@mixteco.utm.mx.pdf'),(99,102,'jramirez@mixteco.utm.mx','at, egestas a, scelerisque sed,','2024-02-09','2024-11-02','vehicula risus. Nulla eget metus eu erat',1,'jramirez@mixteco.utm.mx.pdf'),(100,17,'rrosas@mixteco.utm.mx','eu tellus eu augue','2024-05-28','2025-12-29','adipiscing, enim mi tempor lorem,',1,'rrosas@mixteco.utm.mx.pdf');
/*!40000 ALTER TABLE `actividades` ENABLE KEYS */;
UNLOCK TABLES;

--
-- Table structure for table `articulos`
--

DROP TABLE IF EXISTS `articulos`;
/*!40101 SET @saved_cs_client     = @@character_set_client */;
/*!50503 SET character_set_client = utf8mb4 */;
CREATE TABLE `articulos` (
  `id` int(11) NOT NULL AUTO_INCREMENT,
  `numero` bigint(11) NOT NULL,
  `tipoCRL` text NOT NULL,
  `titulo` text NOT NULL,
  `nombreCRL` text NOT NULL,
  `tipoNI` text NOT NULL,
  `volumen` text NOT NULL,
  `paginas` text NOT NULL,
  `anyo` text NOT NULL,
  `issnisbn` text NOT NULL,
  `doi` text NOT NULL,
  `estado` text NOT NULL,
  `fechaedicion` date NOT NULL,
  `comprobante` text NOT NULL,
  `indexada` text NOT NULL,
  `issue` text NOT NULL,
  `editores` text NOT NULL,
  `ciudad` text NOT NULL,
  `pais` text NOT NULL,
  `editorial` text NOT NULL,
  PRIMARY KEY (`id`)
) ENGINE=InnoDB AUTO_INCREMENT=1001 DEFAULT CHARSET=utf8mb4 COLLATE=utf8mb4_general_ci;
/*!40101 SET character_set_client = @saved_cs_client */;

--
-- Dumping data for table `articulos`
--

LOCK TABLES `articulos` WRITE;
/*!40000 ALTER TABLE `articulos` DISABLE KEYS */;
INSERT INTO `articulos` VALUES (1,1,'Congreso','Small Petal Tools used to Parabolize Mirrors','OSA Latin America Optics & Photonics Conference (LAOP) 2016','Internacional','','1-3','2016','ISBN','https://doi.org/10.1364/LAOP.2016.LTu4A.19','Publicado','2016-08-22','1jgonzal@mixteco.utm.mx.pdf','No','','','','',''),(10,1,'congreso','id sapien.','ultricies ornare, elit','internacional','2','1-8','2022','ISBN','https://doi.org/pellentesque','Aceptado','2022-12-04','1-@mixteco.utm.mx.pdf','No','libero','Wyoming, Galvin, Wynter, Jade','Vannes','Ireland','Lacus Inc.'),(20,2,'congreso','orci. Ut sagittis','velit.','nacional','3','1-4','2022','ISBN','https://doi.org/maur.is','Publicado','2021-08-09','2-@mixteco.utm.mx.pdf','No','dignissim','Evelyn, Dale, Mariko, Paloma','Arequipa','New Zealand','Lorem Ipsum LLC'),(30,3,'revista','magna a neque. Nullam','arcu. Aliquam ultrices','internacional','4','1-2','2021','ISBN','https://doi.org/net.us','Publicado','2022-06-13','3-@mixteco.utm.mx.pdf','No','hendrerit','Nehru, Winifred, Colin, Ruth','Stalowa Wola','Pakistan','Velit Ltd'),(40,4,'revista','eu','metus. In lorem.','internacional','4','1-4','2020','ISBN','https://doi.org/aliqu.am','Publicado','2021-10-10','4-@mixteco.utm.mx.pdf','Si','ultrices.','Nell, Cynthia, Heidi, Alexis','Tire','Belgium','Tempor Arcu Associates'),(50,5,'congreso','eu turpis. Nulla','nisi. Aenean eget','internacional','3','1-8','2024','ISBN','https://doi.org/ligul.a.','Publicado','2022-10-11','5-@mixteco.utm.mx.pdf','Si','sem','Ava, Matthew, Yolanda, Christine','Morelia','Singapore','Sed Et Corp.'),(60,6,'revista','at','iaculis quis, pede. Praesent eu','internacional','2','1-6','2021','ISSN','https://doi.org/dolor','Aceptado','2023-07-28','6-@mixteco.utm.mx.pdf','Si','non','Louis, Aline, Nelle, Tatyana','Illkirch-Graffenstaden','Indonesia','Dictum Eleifend Limited'),(70,7,'revista','mus. Donec dignissim','ante. Vivamus non','internacional','3','1-4','2024','ISBN','https://doi.org/orci.','Aceptado','2023-06-20','7-@mixteco.utm.mx.pdf','No','a','Hunter, Griffin, Daniel, Kevyn','Bala','Turkey','Lorem Ut Incorporated'),(80,8,'libro','purus. Nullam scelerisque','sit amet ornare lectus justo','internacional','2','1-5','2023','ISSN','https://doi.org/nulla.','Aceptado','2022-01-29','8-@mixteco.utm.mx.pdf','No','sem','Channing, Graham, Xavier, Hilda','Bordeaux','India','Natoque Penatibus Limited'),(90,9,'revista','convallis est, vitae','non lorem vitae odio','nacional','3','1-3','2024','ISBN','https://doi.org/egesta.s.','Publicado','2021-09-02','9-@mixteco.utm.mx.pdf','No','elit,','Aquila, Levi, Indigo, Kiara','Puntarenas','Nigeria','Lobortis Mauris Incorporated'),(100,10,'libro','aptent taciti sociosqu ad','erat volutpat.','nacional','2','1-4','2021','ISBN','https://doi.org/tortor.','Aceptado','2024-09-20','10-@mixteco.utm.mx.pdf','No','et,','Prescott, Rachel, Herrod, Maisie','Brakpan','Russian Federation','Convallis Limited'),(110,11,'revista','purus, in molestie','Aliquam erat volutpat.','nacional','4','1-6','2024','ISSN','https://doi.org/liber.o.','Publicado','2021-08-01','11-@mixteco.utm.mx.pdf','No','Aliquam','Morgan, Phillip, Charity, Carter','Pretoria','Pakistan','Pellentesque Massa Limited'),(120,12,'revista','tristique senectus et netus','Quisque imperdiet, erat nonummy ultricies','nacional','2','1-6','2022','ISBN','https://doi.org/ni.si','Publicado','2024-10-15','12-@mixteco.utm.mx.pdf','Si','eros','Timon, Lee, Deborah, Kessie','Enkhuizen','South Korea','Feugiat Placerat Velit LLP'),(130,13,'libro','auctor, velit eget laoreet','eros. Nam consequat dolor vitae','nacional','2','1-6','2021','ISSN','https://doi.org/mi.','Aceptado','2024-03-04','13-@mixteco.utm.mx.pdf','No','ultrices.','Risa, Carly, Jeremy, Carol','Bodø','South Africa','Nam Porttitor Corporation'),(140,14,'congreso','eu lacus.','posuere, enim nisl elementum purus,','nacional','5','1-5','2023','ISBN','https://doi.org/parturient','Aceptado','2024-12-02','14-@mixteco.utm.mx.pdf','No','tincidunt.','Candace, Kermit, Samantha, Charity','Denver','Colombia','Id Libero Donec PC'),(150,15,'revista','Mauris vestibulum,','lorem, auctor quis, tristique ac,','internacional','3','1-3','2024','ISBN','https://doi.org/Eti.am','Publicado','2021-01-21','15-@mixteco.utm.mx.pdf','No','ac','Indigo, Hermione, Kessie, Ginger','Quesada','New Zealand','Non Corporation'),(160,16,'congreso','tristique ac,','amet luctus','nacional','2','1-7','2023','ISBN','https://doi.org/nis.l.','Publicado','2021-10-02','16-@mixteco.utm.mx.pdf','Si','sociis','Kessie, Ryan, Christian, Zephr','Sangerhausen','Mexico','Ut Nec Ltd'),(170,17,'libro','vitae','neque. In','nacional','2','1-3','2024','ISSN','https://doi.org/nibh','Aceptado','2022-07-10','17-@mixteco.utm.mx.pdf','No','quam,','Martha, Carly, Emily, Amery','Gurgaon','Norway','Fusce Mi Inc.'),(180,18,'revista','iaculis enim,','fringilla cursus purus. Nullam','nacional','3','1-5','2020','ISBN','https://doi.org/tempor','Aceptado','2024-10-09','18-@mixteco.utm.mx.pdf','Si','semper,','Wendy, Gregory, Marvin, Merrill','Peine','Italy','Mollis Vitae Posuere Foundation'),(190,19,'revista','enim. Etiam gravida','convallis erat,','internacional','5','1-3','2021','ISBN','https://doi.org/s.em','Publicado','2023-02-16','19-@mixteco.utm.mx.pdf','Si','ligula.','Medge, Nash, Russell, Nevada','San Jose','Costa Rica','Ipsum Nunc Corporation'),(200,20,'congreso','a feugiat','sed sem','internacional','2','1-2','2023','ISBN','https://doi.org/m.i.','Publicado','2024-07-14','20-@mixteco.utm.mx.pdf','Si','malesuada','Gary, Sacha, Magee, Fallon','Dublin','United States','In Faucibus Consulting'),(210,21,'libro','dictum mi,','et magnis dis parturient montes,','internacional','3','1-4','2022','ISSN','https://doi.org/dictum','Aceptado','2023-12-11','21-@mixteco.utm.mx.pdf','No','at,','Gil, Colt, Hunter, Perry','Illkirch-Graffenstaden','Austria','Tellus Suspendisse PC'),(220,22,'libro','aliquam arcu. Aliquam','cursus non,','nacional','2','1-6','2023','ISSN','https://doi.org/Don.ec','Publicado','2023-11-22','22-@mixteco.utm.mx.pdf','No','sagittis','Asher, Kevin, Darius, Azalia','Polcenigo','Turkey','Non Lorem LLP'),(230,23,'revista','nec urna','Nunc','internacional','3','1-7','2020','ISSN','https://doi.org/Don.ec','Publicado','2024-11-05','23-@mixteco.utm.mx.pdf','No','eleifend','Rigel, Kevin, Graham, Dominic','Lairg','Austria','Morbi Industries'),(240,24,'revista','feugiat placerat velit. Quisque','libero et tristique','internacional','5','1-7','2021','ISSN','https://doi.org/gravida','Aceptado','2023-01-27','24-@mixteco.utm.mx.pdf','No','porttitor','Shellie, Luke, Amy, Ria','Elbląg','Austria','Porttitor Corporation'),(250,25,'revista','Suspendisse dui.','id, ante. Nunc mauris','nacional','4','1-3','2023','ISSN','https://doi.org/facilis.is','Publicado','2024-08-01','25-@mixteco.utm.mx.pdf','No','Nullam','Patience, Christian, Jamalia, Channing','Toruń','Singapore','Luctus Aliquet Odio Ltd'),(260,26,'revista','non,','dui augue eu tellus.','nacional','4','1-9','2021','ISBN','https://doi.org/er.os','Publicado','2022-06-16','26-@mixteco.utm.mx.pdf','No','orci','Jaime, Branden, Salvador, Quynn','Oaxaca','Philippines','Sociosqu Ad Limited'),(270,27,'revista','sit amet, consectetuer','purus mauris a nunc.','nacional','1','1-8','2020','ISBN','https://doi.org/sit','Aceptado','2022-05-18','27-@mixteco.utm.mx.pdf','No','sit','Eric, Sylvia, Hedley, Kelsey','Toledo','Russian Federation','Malesuada Malesuada Integer Incorporated'),(280,28,'libro','urna suscipit nonummy.','habitant morbi','nacional','4','1-6','2022','ISBN','https://doi.org/vitae,','Aceptado','2023-06-17','28-@mixteco.utm.mx.pdf','Si','purus','Brendan, Stone, Victoria, Rhiannon','Cotabato City','Mexico','Velit Cras Inc.'),(290,29,'revista','est,','nunc. In at pede. Cras','internacional','2','1-7','2022','ISBN','https://doi.org/sodal.es','Publicado','2023-07-04','29-@mixteco.utm.mx.pdf','Si','vitae','Kenneth, Joel, Anika, Luke','Hopefield','Australia','Facilisis Non LLP'),(300,30,'congreso','purus gravida','Nullam velit dui, semper et, lacinia','internacional','3','1-6','2021','ISBN','https://doi.org/hendrer.it','Publicado','2023-05-29','30-@mixteco.utm.mx.pdf','Si','ultricies','Nathan, Winter, Nolan, Aurelia','Picton','United Kingdom','Tristique Ac Eleifend Associates'),(310,31,'congreso','viverra.','Integer in magna. Phasellus dolor','internacional','3','1-3','2022','ISBN','https://doi.org/euism.od','Publicado','2022-08-15','31-@mixteco.utm.mx.pdf','No','sed','Michelle, Dominic, Raja, Dane','Wrocław','Australia','Non Bibendum Sed Foundation'),(320,32,'congreso','ipsum leo','fermentum vel, mauris. Integer sem','internacional','1','1-4','2021','ISSN','https://doi.org/luctus','Aceptado','2023-11-19','32-@mixteco.utm.mx.pdf','Si','sociis','September, Sydnee, Jerry, Connor','Port Pirie','Peru','Tellus Sem Institute'),(330,33,'libro','ipsum cursus vestibulum. Mauris','eu neque pellentesque','internacional','3','1-2','2020','ISBN','https://doi.org/consequat','Aceptado','2023-11-23','33-@mixteco.utm.mx.pdf','Si','scelerisque','Willow, Kato, Robert, Lucian','Rustenburg','Vietnam','Cras Sed Institute'),(340,34,'revista','magna a tortor.','nibh vulputate mauris sagittis placerat. Cras','nacional','3','1-1','2020','ISSN','https://doi.org/Nulla','Aceptado','2021-09-16','34-@mixteco.utm.mx.pdf','Si','lacus','Petra, Iliana, Cathleen, Merritt','Heppenheim','Germany','Purus Sapien Corp.'),(350,35,'revista','molestie tellus.','semper. Nam tempor diam','internacional','2','1-8','2024','ISSN','https://doi.org/Cras','Aceptado','2022-06-18','35-@mixteco.utm.mx.pdf','Si','accumsan','Levi, Shelley, Tyrone, Madeson','Vitória da Conquista','South Africa','Nec Urna PC'),(360,36,'libro','Aliquam nisl.','fermentum fermentum arcu. Vestibulum','internacional','4','1-2','2022','ISBN','https://doi.org/Null.am','Publicado','2024-06-27','36-@mixteco.utm.mx.pdf','No','non,','Garrison, Avram, Walter, Lavinia','Dublin','Indonesia','Nec Urna Et Institute'),(370,37,'libro','ac nulla. In tincidunt','egestas. Aliquam nec','internacional','1','1-2','2020','ISSN','https://doi.org/turp.is','Publicado','2021-05-30','37-@mixteco.utm.mx.pdf','No','elit.','Kato, Whitney, Price, Portia','Buguma','South Korea','Sit Amet Ltd'),(380,38,'revista','ipsum dolor sit','Aliquam erat volutpat. Nulla dignissim.','internacional','1','1-5','2022','ISSN','https://doi.org/Nunc','Aceptado','2022-08-16','38-@mixteco.utm.mx.pdf','Si','per','Glenna, Lareina, Zorita, Lacey','Santiago','Chile','Conubia Nostra Associates'),(390,39,'libro','dui lectus rutrum urna,','ullamcorper, nisl arcu iaculis enim,','nacional','2','1-2','2024','ISSN','https://doi.org/mass.a.','Publicado','2022-11-09','39-@mixteco.utm.mx.pdf','No','pede','Malcolm, Kelsie, Ila, Jolene','León','Turkey','Diam Proin Dolor Corp.'),(400,40,'congreso','lorem, auctor quis,','massa non ante bibendum ullamcorper.','nacional','4','1-3','2020','ISBN','https://doi.org/tempus','Aceptado','2022-04-25','40-@mixteco.utm.mx.pdf','Si','arcu','Violet, Basia, Hayden, Katelyn','Changi Bay','Austria','Sociis Consulting'),(410,41,'congreso','eu tempor erat','ligula. Aenean gravida nunc sed pede.','nacional','4','1-5','2022','ISSN','https://doi.org/ornare','Aceptado','2022-08-06','41-@mixteco.utm.mx.pdf','Si','Cras','Ruth, Shay, Kennan, Stone','Skardu','Ukraine','Eu Dolor Egestas PC'),(420,42,'revista','pretium aliquet, metus','mauris','internacional','2','1-2','2023','ISBN','https://doi.org/risu.s.','Publicado','2022-01-07','42-@mixteco.utm.mx.pdf','Si','sit','Kiayada, Yuli, Keegan, Zephr','Mỹ Tho','Indonesia','Nisi Cum Corp.'),(430,43,'revista','sapien.','mi','internacional','1','1-2','2020','ISSN','https://doi.org/non,','Aceptado','2022-04-30','43-@mixteco.utm.mx.pdf','Si','risus.','Frances, Gary, Palmer, Darius','Seogwipo','Ukraine','Nascetur Ridiculus Limited'),(440,44,'revista','vitae semper egestas,','eget massa. Suspendisse eleifend. Cras','internacional','3','1-6','2022','ISSN','https://doi.org/Curae','Aceptado','2022-10-26','44-@mixteco.utm.mx.pdf','No','eros','Mufutau, Eliana, Emi, Donna','Arequipa','China','Arcu Vivamus LLC'),(450,45,'congreso','vel, venenatis vel,','ante lectus','internacional','4','1-2','2021','ISBN','https://doi.org/lacus','Aceptado','2022-01-30','45-@mixteco.utm.mx.pdf','No','cursus','Lois, Omar, Aretha, Germaine','Ikot Ekpene','Poland','Et Ipsum Cursus LLC'),(460,46,'revista','egestas','nunc sit amet metus.','nacional','2','1-1','2022','ISBN','https://doi.org/vel','Enviado','2024-05-05','46-@mixteco.utm.mx.pdf','No','semper','Ciaran, Raymond, Jemima, Meghan','João Pessoa','France','Aliquam Associates'),(470,47,'revista','vestibulum, neque sed dictum','tempus, lorem fringilla ornare placerat,','nacional','4','1-9','2023','ISBN','https://doi.org/Cr.as','Publicado','2023-04-12','47-@mixteco.utm.mx.pdf','No','magna','Shelby, Hakeem, Roth, Mechelle','San José de Alajuela','Australia','Nec Cursus Corporation'),(480,48,'revista','et,','Etiam ligula tortor, dictum eu,','internacional','1','1-9','2023','ISBN','https://doi.org/dia.m.','Publicado','2022-05-27','48-@mixteco.utm.mx.pdf','No','enim.','Eric, Jelani, Stacy, Melyssa','Queenstown','South Korea','Vivamus Rhoncus Corporation'),(490,49,'libro','non, bibendum','eu odio tristique pharetra. Quisque','internacional','4','1-5','2020','ISBN','https://doi.org/Integer','Aceptado','2021-08-12','49-@mixteco.utm.mx.pdf','Si','vulputate','Colby, Elizabeth, Bryar, Laurel','Reynosa','France','Metus LLP'),(500,50,'libro','nec, imperdiet','Vivamus molestie','internacional','3','1-3','2022','ISBN','https://doi.org/soci.is','Publicado','2022-05-07','50-@mixteco.utm.mx.pdf','Si','at,','Lisandra, Ulla, Heidi, Blake','Göteborg','Canada','Ultrices Posuere Cubilia Limited'),(510,51,'revista','blandit viverra. Donec','porttitor eros','nacional','3','1-5','2020','ISBN','https://doi.org/.In','Publicado','2022-11-07','51-@mixteco.utm.mx.pdf','Si','aliquet','Elmo, Sara, Briar, Brian','Simpang','Belgium','Euismod Mauris Limited'),(520,52,'congreso','diam. Pellentesque','nulla. In','nacional','2','1-8','2024','ISSN','https://doi.org./a','Publicado','2022-07-24','52-@mixteco.utm.mx.pdf','Si','dis','Gray, Laurel, Gray, Katelyn','Shillong','Pakistan','Nam Nulla Limited'),(530,53,'libro','eget, venenatis a,','enim consequat purus.','nacional','4','1-3','2023','ISBN','https://doi.org/neq.ue','Publicado','2023-04-30','53-@mixteco.utm.mx.pdf','Si','lorem','Daphne, Maile, Avye, Cruz','Kilmarnock','United States','Fusce Dolor LLP'),(540,54,'libro','augue malesuada malesuada. Integer','a','internacional','2','1-4','2023','ISBN','https://doi.org/mauris.','Aceptado','2021-01-30','54-@mixteco.utm.mx.pdf','No','luctus','Reagan, Guinevere, Dante, Isabella','Gwangmyeong','Belgium','Non Ante Bibendum LLP'),(550,55,'revista','Lorem ipsum dolor','nunc, ullamcorper eu, euismod ac,','nacional','2','1-2','2021','ISSN','https://doi.org/fringil.la','Publicado','2023-11-12','55-@mixteco.utm.mx.pdf','No','imperdiet','Castor, Jordan, Germaine, Veda','Nevers','South Korea','Mauris Sapien Incorporated'),(560,56,'congreso','sit amet ante. Vivamus','risus. Quisque','internacional','4','1-2','2023','ISSN','https://doi.org/cursu.s.','Publicado','2024-03-14','56-@mixteco.utm.mx.pdf','No','enim','Brennan, Harrison, Justine, Karyn','Guizhou','Canada','Adipiscing Limited'),(570,57,'revista','ligula. Nullam','fringilla purus mauris a','nacional','4','1-8','2021','ISBN','https://doi.org/lobort.is','Publicado','2021-01-11','57-@mixteco.utm.mx.pdf','No','nunc.','Lyle, Wesley, Simon, Ima','Novena','Germany','Magna Suspendisse Institute'),(580,58,'revista','feugiat','In lorem. Donec elementum,','internacional','1','1-3','2020','ISBN','https://doi.org/in','Aceptado','2022-07-23','58-@mixteco.utm.mx.pdf','No','quis','Allistair, Jescie, Timon, Rama','Belfast','Belgium','Justo Proin PC'),(590,59,'revista','In lorem. Donec','ornare tortor at risus. Nunc','internacional','3','1-1','2022','ISBN','https://doi.org/n.ec','Publicado','2023-12-28','59-@mixteco.utm.mx.pdf','No','nec','Quamar, Rhona, Luke, Graham','Rouen','Colombia','Mollis Non Ltd'),(600,60,'revista','sem egestas','Etiam imperdiet dictum','internacional','2','1-2','2023','ISBN','https://doi.org/felis','Aceptado','2021-06-12','60-@mixteco.utm.mx.pdf','No','penatibus','Christen, Serina, Scott, Alec','Castello Tesino','China','Luctus LLP'),(610,61,'revista','nunc. Quisque','mauris, rhoncus id, mollis nec,','internacional','3','1-3','2024','ISSN','https://doi.org/semper','Aceptado','2021-06-06','61-@mixteco.utm.mx.pdf','Si','eget','Oliver, Ria, Mari, Nora','Vöcklabruck','Austria','Hendrerit Foundation'),(620,62,'revista','Curae Donec tincidunt.','ornare placerat,','nacional','3','1-7','2021','ISSN','https://doi.org/orc.i,','Publicado','2024-01-22','62-@mixteco.utm.mx.pdf','No','sem,','Dorothy, Melodie, Davis, Bree','Villahermosa','Brazil','Etiam Bibendum Fermentum LLC'),(630,63,'revista','vitae, sodales','mus. Aenean eget magna. Suspendisse tristique','nacional','3','1-8','2023','ISBN','https://doi.org/fringil.la','Publicado','2022-07-16','63-@mixteco.utm.mx.pdf','Si','massa.','Amelia, Emmanuel, Jeremy, Aquila','Thái Nguyên','Nigeria','Eget Metus Industries'),(640,64,'revista','odio semper','commodo auctor velit. Aliquam nisl. Nulla','internacional','1','1-7','2021','ISSN','https://doi.org/tellus','Aceptado','2023-08-13','64-@mixteco.utm.mx.pdf','No','dictum','Michelle, Rafael, Nadine, Damian','Dos Hermanas','Germany','Lacinia Mattis Integer Corp.'),(650,65,'congreso','Sed nec','orci, consectetuer','internacional','4','1-6','2020','ISSN','https://doi.org/Aenean','Aceptado','2024-04-03','65-@mixteco.utm.mx.pdf','Si','Morbi','Anthony, Kellie, Bertha, Phelan','Trujillo','Austria','Et LLP'),(660,66,'libro','venenatis vel, faucibus','nulla. In tincidunt congue','internacional','4','1-6','2021','ISSN','https://doi.org/et','Aceptado','2024-12-06','66-@mixteco.utm.mx.pdf','No','quam','Dorian, Austin, Deanna, Rana','Bedok','Netherlands','Ridiculus Mus Proin PC'),(670,67,'revista','ante blandit','sodales. Mauris blandit','nacional','3','1-4','2023','ISSN','https://doi.org/ornare','Aceptado','2022-07-29','67-@mixteco.utm.mx.pdf','No','turpis.','Cally, Lana, Serena, Fay','Adelaide','United Kingdom','Dolor Dolor Industries'),(680,68,'congreso','tincidunt dui augue eu','Nullam enim.','nacional','4','1-8','2021','ISBN','https://doi.org/tellus','Aceptado','2022-10-22','68-@mixteco.utm.mx.pdf','Si','consectetuer','Zena, Michelle, Martin, Veronica','Cockburn','Pakistan','Ut Odio PC'),(690,69,'congreso','bibendum sed,','quis diam. Pellentesque','nacional','2','1-6','2020','ISSN','https://doi.org/e.st','Publicado','2024-04-26','69-@mixteco.utm.mx.pdf','Si','In','George, Priscilla, Mark, Clark','Suncheon','Costa Rica','Integer LLC'),(700,70,'congreso','rhoncus. Nullam velit dui,','Suspendisse','internacional','2','1-6','2022','ISSN','https://doi.org/sempe.r.','Publicado','2022-02-02','70-@mixteco.utm.mx.pdf','Si','vehicula','Reese, Gareth, Cameron, Marvin','Việt Trì','Austria','Nulla Facilisi Institute'),(710,71,'libro','Suspendisse','nulla','internacional','4','1-6','2022','ISSN','https://doi.org/velit','Aceptado','2023-09-22','71-@mixteco.utm.mx.pdf','Si','ridiculus','Chancellor, Regan, Timothy, Eagan','Onitsha','South Africa','Interdum Ligula Associates'),(720,72,'congreso','id risus quis','sem, consequat','internacional','3','1-8','2023','ISBN','https://doi.org/Cras','Aceptado','2024-10-26','72-@mixteco.utm.mx.pdf','Si','pretium','Alexander, Yen, Briar, Iliana','Grahamstown','Pakistan','Laoreet Inc.'),(730,73,'congreso','orci luctus','magna et ipsum cursus vestibulum. Mauris','internacional','3','1-2','2021','ISBN','https://doi.org/a,','Aceptado','2022-02-24','73-@mixteco.utm.mx.pdf','No','volutpat','Orli, Summer, Dane, Baker','Western Water Catchment','Italy','Eu Euismod Institute'),(740,74,'revista','facilisis vitae, orci.','at, iaculis','nacional','2','1-2','2021','ISSN','https://doi.org/tincidunt','Aceptado','2024-01-09','74-@mixteco.utm.mx.pdf','No','Cras','Kiayada, Gregory, Hayes, Dai','Södertälje','Ukraine','Amet Massa Quisque Company'),(750,75,'congreso','sit amet massa.','eros. Nam consequat dolor vitae dolor.','nacional','5','1-4','2020','ISSN','https://doi.org/est.','Aceptado','2021-10-31','75-@mixteco.utm.mx.pdf','Si','erat','Abraham, Beau, Geraldine, Buffy','Cape Breton Island','Ireland','Lobortis Risus Limited'),(760,76,'revista','iaculis','sed, facilisis vitae, orci. Phasellus dapibus','nacional','4','1-7','2024','ISBN','https://doi.org/temp.us','Publicado','2021-05-16','76-@mixteco.utm.mx.pdf','Si','posuere','Cameron, Marshall, Belle, Holmes','San Clemente','India','Vulputate Risus A LLC'),(770,77,'congreso','eget varius','elit, dictum eu, eleifend','internacional','4','1-7','2022','ISSN','https://doi.org/leo.','Aceptado','2024-12-27','77-@mixteco.utm.mx.pdf','Si','amet','Simone, Neil, Alea, Lani','Tumaco','Spain','Purus LLP'),(780,78,'libro','Cum sociis natoque penatibus','luctus lobortis. Class','nacional','2','1-5','2023','ISSN','https://doi.org/felis,','Aceptado','2024-04-10','78-@mixteco.utm.mx.pdf','Si','lorem','Samuel, Wyoming, Gage, Ignatius','Warri','Ireland','Mollis Corporation'),(790,79,'congreso','tortor, dictum eu, placerat','fringilla, porttitor','nacional','2','1-4','2024','ISSN','https://doi.org/am.et','Publicado','2021-07-19','79-@mixteco.utm.mx.pdf','Si','metus.','Joseph, Maite, Irene, Ursula','Blenheim','Belgium','A Institute'),(800,80,'congreso','Aenean gravida nunc','Class aptent','nacional','4','1-7','2022','ISSN','https://doi.org/sociosqu','Aceptado','2023-09-24','80-@mixteco.utm.mx.pdf','Si','fringilla','Isaac, Justina, Rajah, Cain','Colico','Pakistan','Gravida Sit PC'),(810,81,'libro','nunc','Pellentesque ultricies','internacional','2','1-5','2024','ISSN','https://doi.org/dapib.us','Publicado','2021-02-22','81-@mixteco.utm.mx.pdf','No','mattis','Cheryl, Lareina, Rosalyn, Yuri','Banda Aceh','Brazil','Per Inceptos LLC'),(820,82,'revista','eu, odio. Phasellus at','pellentesque massa lobortis','internacional','4','1-4','2022','ISSN','https://doi.org/enim','Aceptado','2024-01-12','82-@mixteco.utm.mx.pdf','Si','eu','Daquan, Ila, Chantale, Aspen','Enschede','Ukraine','Nec LLC'),(830,83,'congreso','non, lacinia','vitae, erat. Vivamus nisi.','internacional','1','1-6','2021','ISSN','https://doi.org/erat','Aceptado','2022-01-29','83-@mixteco.utm.mx.pdf','No','ante','Althea, Rudyard, Brody, Drake','Huế','South Korea','Lacus Mauris Non Industries'),(840,84,'libro','ipsum','orci lobortis augue scelerisque','nacional','5','1-9','2022','ISSN','https://doi.org/convallis','Aceptado','2021-04-21','84-@mixteco.utm.mx.pdf','Si','gravida.','Jesse, Kareem, Desirae, Fletcher','Halanzy','Ukraine','Arcu Limited'),(850,85,'revista','lectus pede','placerat. Cras dictum ultricies','internacional','1','1-6','2023','ISSN','https://doi.org/molestie','Aceptado','2023-02-21','85-@mixteco.utm.mx.pdf','Si','sociis','Hakeem, Ryder, Ulla, Aurelia','Jeonju','Netherlands','Ornare Institute'),(860,86,'revista','Sed diam','lacus. Cras interdum. Nunc','internacional','3','1-2','2024','ISBN','https://doi.org/libe.ro','Publicado','2024-01-20','86-@mixteco.utm.mx.pdf','Si','Quisque','Emerson, Avye, Olga, Wylie','Spijkenisse','Russian Federation','Turpis Nulla Institute'),(870,87,'revista','tortor, dictum','ultrices sit','nacional','4','1-5','2023','ISBN','https://doi.org/dignissi.m.','Publicado','2024-11-07','87-@mixteco.utm.mx.pdf','Si','odio.','Karina, Cheryl, Samantha, Dahlia','Hilversum','Pakistan','Nullam LLP'),(880,88,'revista','et nunc.','nulla. Integer vulputate, risus','internacional','1','1-7','2020','ISBN','https://doi.org/lacinia','Aceptado','2022-10-23','88-@mixteco.utm.mx.pdf','No','ac','Kareem, Jillian, Jaden, Piper','Ibagué','Colombia','At Iaculis LLP'),(890,89,'revista','nisl elementum purus,','dolor, nonummy ac,','nacional','3','1-8','2020','ISSN','https://doi.org/feli.s,','Publicado','2023-10-23','89-@mixteco.utm.mx.pdf','No','Vivamus','Gwendolyn, Ivor, Hedley, Sydnee','Manukau','Germany','Id Libero Donec Company'),(900,90,'revista','aliquet molestie tellus.','non dui','nacional','2','1-7','2024','ISSN','https://doi.org/amet,','Aceptado','2023-04-20','90-@mixteco.utm.mx.pdf','No','cursus','Ignacia, Cheyenne, Kennan, Quamar','Denpasar','Sweden','Ultricies Ligula Associates'),(910,91,'congreso','Etiam','vel,','internacional','4','1-6','2023','ISSN','https://doi.org/in','Aceptado','2022-12-14','91-@mixteco.utm.mx.pdf','No','mollis','Kane, Hu, Hamilton, Lucian','Santander','Colombia','Praesent Eu Corporation'),(920,92,'revista','neque et nunc.','turpis nec mauris blandit mattis.','nacional','2','1-7','2021','ISBN','https://doi.org/venenatis','Aceptado','2022-07-24','92-@mixteco.utm.mx.pdf','Si','pharetra,','Rebekah, Maite, Aiko, Hiram','Starachowice','Philippines','Ullamcorper Institute'),(930,93,'revista','vel,','laoreet','internacional','3','1-4','2023','ISSN','https://doi.org/mas.sa','Publicado','2022-11-19','93-@mixteco.utm.mx.pdf','Si','consequat','Fallon, Kaseem, Dana, Karen','Banda Aceh','New Zealand','Nec Tempus PC'),(940,94,'libro','mus. Proin vel arcu','elit erat vitae','nacional','4','1-8','2023','ISSN','https://doi.org/hendreri.tx','Publicado','2022-02-25','94-@mixteco.utm.mx.pdf','Si','aptent','Cyrus, Inez, Galena, Sharon','Port Nolloth','South Korea','Sollicitudin Adipiscing Corp.'),(950,95,'congreso','ligula elit, pretium','non ante','internacional','1','1-4','2024','ISSN','https://doi.org/matt.is','Publicado','2023-01-02','95-@mixteco.utm.mx.pdf','Si','Duis','Noble, Wayne, Katell, Noah','Lipetsk','Sweden','Purus Accumsan Inc.'),(960,96,'libro','leo, in','est. Nunc ullamcorper, velit in','nacional','5','1-4','2022','ISSN','https://doi.org/semper','Aceptado','2023-01-23','96-@mixteco.utm.mx.pdf','No','viverra.','Dexter, Signe, Abraham, Kelly','Katowice','New Zealand','Augue Id Incorporated'),(970,97,'revista','vel sapien imperdiet ornare.','Morbi quis urna. Nunc','nacional','2','1-9','2022','ISBN','https://doi.org/eu','Aceptado','2021-07-26','97-@mixteco.utm.mx.pdf','No','cursus','Stewart, Connor, Charissa, Slade','San Valentino in Abruzzo Citeriore','Chile','Etiam LLC'),(980,98,'revista','amet, risus. Donec nibh','sollicitudin commodo ipsum.','internacional','3','1-4','2023','ISBN','https://doi.org/convallis','Aceptado','2024-01-08','98-@mixteco.utm.mx.pdf','Si','auctor.','Lisandra, Wilma, Ignatius, Camille','Sierning','Italy','Sem Incorporated'),(990,99,'revista','est mauris, rhoncus','cursus','nacional','3','1-4','2021','ISBN','https://doi.org/nec','Aceptado','2023-08-09','99-@mixteco.utm.mx.pdf','Si','malesuada','Evan, Eleanor, Nash, Aquila','Sabadell','Singapore','Id Enim LLC'),(1000,100,'congreso','dolor dolor,','tincidunt vehicula risus.','internacional','2','1-4','2024','ISBN','https://doi.org/consequ.at','Publicado','2023-03-23','100-@mixteco.utm.mx.pdf','Si','libero','Lilah, Rudyard, Steven, Nero','Bonavista','Peru','Feugiat Sed Nec Inc.');
/*!40000 ALTER TABLE `articulos` ENABLE KEYS */;
UNLOCK TABLES;

--
-- Table structure for table `ca`
--

DROP TABLE IF EXISTS `ca`;
/*!40101 SET @saved_cs_client     = @@character_set_client */;
/*!50503 SET character_set_client = utf8mb4 */;
CREATE TABLE `ca` (
  `id` int(11) NOT NULL AUTO_INCREMENT,
  `codigo` text NOT NULL,
  `correo` text NOT NULL,
  PRIMARY KEY (`id`)
) ENGINE=InnoDB AUTO_INCREMENT=101 DEFAULT CHARSET=utf8mb4 COLLATE=utf8mb4_general_ci;
/*!40101 SET character_set_client = @saved_cs_client */;

--
-- Dumping data for table `ca`
--

LOCK TABLES `ca` WRITE;
/*!40000 ALTER TABLE `ca` DISABLE KEYS */;
INSERT INTO `ca` VALUES (1,'UTMIX-CA-40','icorrales@mixteco.utm.mx'),(2,'UTMIX-CA-8','atellezv@mixteco.utm.mx'),(3,'UTMIX-CA-0','arreagahm@mixteco.utm.mx'),(4,'UTMIX-CA-6','jamoreno@mixteco.utm.mx'),(5,'UTMIX-CA-K','jvazquez@mixteco.utm.mx'),(6,'UTMIX-CA-1','elfego@mixteco.utm.mx'),(7,'UTMIX-CA-3','ramon@mixteco.utm.mx'),(8,'UTMIX-CA-9','plaza@mixteco.utm.mx'),(9,'UTMIX-CA-0','vero0304@mixteco.utm.mx'),(10,'UTMIX-CA-5','odiaz@mixteco.utm.mx'),(11,'UTMIX-CA-9','ocetxim@mixteco.utm.mx'),(12,'UTMIX-CA-4','rruiz@mixteco.utm.mx'),(13,'UTMIX-CA-4','mreyesg@mixteco.utm.mx'),(14,'UTMIX-CA-1','eruvid@mixteco.utm.mx'),(15,'UTMIX-CA-7','lauramar@mixteco.utm.mx'),(16,'UTMIX-CA-K','jcalvo@mixteco.utm.mx'),(17,'UTMIX-CA-2','jarellano@mixteco.utm.mx'),(18,'UTMIX-CA-2','rmluis@mixteco.utm.mx'),(19,'UTMIX-CA-2','jvargas@mixteco.utm.mx'),(20,'UTMIX-CA-5','fsantiag@mixteco.utm.mx'),(21,'UTMIX-CA-3','alcauter@mixteco.utm.mx'),(22,'UTMIX-CA-5','mario.lomeli@gmail.com'),(23,'UTMIX-CA-K','Eliezer@mixteco.utm.mx'),(24,'UTMIX-CA-2','elf@mixteco.utm.mx'),(25,'UTMIX-CA-8','castillo@mixteco.utm.mx'),(26,'UTMIX-CA-6','sustaita@mixteco.utm.mx'),(27,'UTMIX-CA-2','caff@mixteco.utm.mx'),(28,'UTMIX-CA-8','alfredo@mixteco.utm.mx'),(29,'UTMIX-CA-5','carlosvazquezc@mixteco.utm.mx'),(30,'UTMIX-CA-5','juanmp@mixteco.utm.mx'),(31,'UTMIX-CA-5','maya@mixteco.utm.mx'),(32,'UTMIX-CA-0','jgml@mixteco.utm.mx'),(33,'UTMIX-CA-6','castro@mixteco.utm.mx'),(34,'UTMIX-CA-2','virgilio@mixteco.utm.mx'),(35,'UTMIX-CA-1','jgonzal@mixteco.utm.mx'),(36,'UTMIX-CA-4','madg@mixteco.utm.mx'),(37,'UTMIX-CA-9','ejusto@mixteco.utm.mx'),(38,'UTMIX-CA-5','jose.alfredo@mixteco.utm.mx'),(39,'UTMIX-CA-7','eruvid@mixteco.utm.mx'),(40,'UTMIX-CA-0','yaneth@mixteco.utm.mx'),(41,'UTMIX-CA-7','abravo@mixteco.utm.mx'),(42,'UTMIX-CA-4','liliana@mixteco.utm.mx'),(43,'UTMIX-CA-4','sinue@mixteco.utm.mx'),(44,'UTMIX-CA-6','mreyesg@mixteco.utm.mx'),(45,'UTMIX-CA-5','corro@mixteco.utm.mx'),(46,'UTMIX-CA-0','oallende@mixteco.utm.mx'),(47,'UTMIX-CA-9','castro@mixteco.utm.mx'),(48,'UTMIX-CA-K','vcuevas@mixteco.utm.mx'),(49,'UTMIX-CA-4','vtochi@mixteco.utm.mx'),(50,'UTMIX-CA-3','lauramar@mixteco.utm.mx'),(51,'UTMIX-CA-4','jcsantos@mixteco.utm.mx'),(52,'UTMIX-CA-5','eguerrero@mixteco.utm.mx'),(53,'UTMIX-CA-3','altorres@mixteco.utm.mx'),(54,'UTMIX-CA-7','lanchoga@mixteco.utm.mx'),(55,'UTMIX-CA-8','rmluis@mixteco.utm.mx'),(56,'UTMIX-CA-5','caff@mixteco.utm.mx'),(57,'UTMIX-CA-8','rgarcia@mixteco.utm.mx'),(58,'UTMIX-CA-2','jesuslopezluna@mixteco.utm.mx'),(59,'UTMIX-CA-6','rmluis@mixteco.utm.mx'),(60,'UTMIX-CA-8','elf@mixteco.utm.mx'),(61,'UTMIX-CA-5','rosario@mixteco.utm.mx'),(62,'UTMIX-CA-K','gallegos@mixteco.utm.mx'),(63,'UTMIX-CA-6','perseo@mixteco.utm.mx'),(64,'UTMIX-CA-2','jcarmona@mixteco.utm.mx'),(65,'UTMIX-CA-5','ivan@mixteco.utm.mx'),(66,'UTMIX-CA-9','icorrales@mixteco.utm.mx'),(67,'UTMIX-CA-0','abravo@mixteco.utm.mx'),(68,'UTMIX-CA-5','hugoe@mixteco.utm.mx'),(69,'UTMIX-CA-5','jcjim@mixteco.utm.mx'),(70,'UTMIX-CA-5','tonito@mixteco.utm.mx'),(71,'UTMIX-CA-K','admm@mixteco.utm.mx'),(72,'UTMIX-CA-0','arturosg@mixteco.utm.mx'),(73,'UTMIX-CA-5','vtochi@mixteco.utm.mx'),(74,'UTMIX-CA-4','marco.contreras@mixteco.utm.mx'),(75,'UTMIX-CA-8','monitte@mixteco.utm.mx'),(76,'UTMIX-CA-4','josejuan@mixteco.utm.mx'),(77,'UTMIX-CA-2','eisaac@mixteco.utm.mx'),(78,'UTMIX-CA-8','jlinares@mixteco.utm.mx'),(79,'UTMIX-CA-5','cabi@mixteco.utm.mx'),(80,'UTMIX-CA-1','ramon@mixteco.utm.mx'),(81,'UTMIX-CA-4','mario.lomeli@gmail.com'),(82,'UTMIX-CA-4','eguzman@mixteco.utm.mx'),(83,'UTMIX-CA-7','eduardin@mixteco.utm.mx'),(84,'UTMIX-CA-0','jose.alfredo@mixteco.utm.mx'),(85,'UTMIX-CA-7','hugoe@mixteco.utm.mx'),(86,'UTMIX-CA-1','ejusto@mixteco.utm.mx'),(87,'UTMIX-CA-0','jamoreno@mixteco.utm.mx'),(88,'UTMIX-CA-3','rebecahdz@mixteco.utm.mx'),(89,'UTMIX-CA-4','jesusdiaz@mixteco.utm.mx'),(90,'UTMIX-CA-8','maxvell@mixteco.utm.mx'),(91,'UTMIX-CA-1','jtenorio@mixteco.utm.mx'),(92,'UTMIX-CA-8','elf@mixteco.utm.mx'),(93,'UTMIX-CA-K','isalinas@mixteco.utm.mx'),(94,'UTMIX-CA-3','victorhugo@mixteco.utm.mx'),(95,'UTMIX-CA-6','rjamaro@mixteco.utm.mx'),(96,'UTMIX-CA-8','rubi@mixteco.utm.mx'),(97,'UTMIX-CA-9','abad@mixteco.utm.mx'),(98,'UTMIX-CA-7','rtapia@mixteco.utm.mx'),(99,'UTMIX-CA-9','yoshi@mixteco.utm.mx'),(100,'UTMIX-CA-3','pcgm@mixteco.utm.mx');
/*!40000 ALTER TABLE `ca` ENABLE KEYS */;
UNLOCK TABLES;

--
-- Table structure for table `carreras`
--

DROP TABLE IF EXISTS `carreras`;
/*!40101 SET @saved_cs_client     = @@character_set_client */;
/*!50503 SET character_set_client = utf8mb4 */;
CREATE TABLE `carreras` (
  `codigoCarrera` int(11) NOT NULL,
  `nombre` varchar(65) NOT NULL,
  `codigoInstituto` int(11) NOT NULL,
  `siglas` varchar(5) NOT NULL,
  PRIMARY KEY (`codigoCarrera`),
  KEY `codigoInstituto` (`codigoInstituto`),
  CONSTRAINT `carreras_ibfk_1` FOREIGN KEY (`codigoInstituto`) REFERENCES `institutos` (`codigo`)
) ENGINE=InnoDB DEFAULT CHARSET=utf8mb4 COLLATE=utf8mb4_general_ci;
/*!40101 SET character_set_client = @saved_cs_client */;

--
-- Dumping data for table `carreras`
--

LOCK TABLES `carreras` WRITE;
/*!40000 ALTER TABLE `carreras` DISABLE KEYS */;
INSERT INTO `carreras` VALUES (0,'Ninguna',0,'NULL'),(2,'Ingeniería en Computación',2,'IC'),(3,'Ingeniería en Diseño',3,'ID'),(4,'Ingeniería en Electrónica',1,'IE'),(5,'Licenciatura en Ciencias Empresariales',5,'LCE'),(6,'Ingeniería en Alimentos',8,'IA'),(7,'Licenciatura en Matemáticas Aplicadas',4,'LMA'),(11,'Ingeniería Industrial',13,'II'),(12,'Estudios de Nuevos Materiales',11,'ENM'),(14,'Ingeniería en Mecatrónica',1,'IM'),(17,'Ingeniería en Física Aplicada',4,'IFA'),(31,'Ingeniería Mecánica Automotriz',13,'IMA'),(32,'Ingeniería Civil',3,'ICV'),(36,'Ingeniería Química en Procesos Sostenibles',8,'IQ'),(37,'Maestría en Ciencia de Datos',100,'MCD'),(50,'Maestría en Diseño de Modas',100,'MDMO'),(51,'Maestría en Diseño de Muebles',100,'MDMU'),(52,'Maestría en Medios Interactivos',100,'MMI'),(53,'Maestría en Ciencias de Materiales',100,'MCM'),(54,'Maestría en Modelación Matemática',100,'MMM'),(55,'Maestría en Robótica',100,'MR'),(56,'Maestría en Administración de Negocios',100,'MAN'),(57,'Maestría en Tecnología Avanzada de Manufactura',100,'MTAM'),(58,'Maestría en Tecnologías de Cómputo Aplicado',100,'MTCA'),(59,'Maestría en Ciencias: Productos Naturales y Alimentos',100,'MCPNA'),(60,'Maestría en Electrónica Opción: Sistemas Inteligentes Aplicados',100,'MESIA'),(61,'Doctorado en Robótica',100,'DR'),(62,'Doctorado en Tecnologías de Cómputo Aplicado',100,'DTCA'),(63,'Doctorado en Modelación Matemática',100,'DMM'),(64,'Doctorado en Electrónica, Opción: Sistemas Inteligentes Aplicados',100,'DESIA'),(65,'Maestría en Inteligencia Artificial',100,'MIA'),(66,'Doctorado en Inteligencia Artificial',100,'DIA'),(67,'Doctorado en Ciencias: Productos Naturales y Alimentos',100,'DCPNA'),(68,'Maestría en Ingeniería de Software',100,'MIS'),(90,'Licenciatura en Estudios Mexicanos',100,'LEM'),(91,'Maestría en Sistemas Distribuidos',100,'MSD'),(322,'Centro de Idiomas',12,'CI');
/*!40000 ALTER TABLE `carreras` ENABLE KEYS */;
UNLOCK TABLES;

--
-- Table structure for table `comision`
--

DROP TABLE IF EXISTS `comision`;
/*!40101 SET @saved_cs_client     = @@character_set_client */;
/*!50503 SET character_set_client = utf8mb4 */;
CREATE TABLE `comision` (
  `id` bigint(20) NOT NULL,
  `correoProfesor` text NOT NULL,
  `nombre` text NOT NULL,
  `descripcion` text NOT NULL,
  `asignacion` text NOT NULL,
  `periodo` text NOT NULL,
  `inicio` date NOT NULL,
  `fin` date NOT NULL,
  `comprobante` varchar(1000) NOT NULL DEFAULT '"no hay"',
  PRIMARY KEY (`id`)
) ENGINE=InnoDB DEFAULT CHARSET=utf8mb4 COLLATE=utf8mb4_general_ci;
/*!40101 SET character_set_client = @saved_cs_client */;

--
-- Dumping data for table `comision`
--

LOCK TABLES `comision` WRITE;
/*!40000 ALTER TABLE `comision` DISABLE KEYS */;
INSERT INTO `comision` VALUES (1,'jbarragan@mixteco.utm.mx','magna et ipsum','luctus felis purus ac','Jefatura','Definido','2023-10-21','2024-12-05','\"no hay\"'),(2,'dsalazar@mixteco.utm.mx','dignissim lacus. Aliquam','enim. Nunc ut erat.','Direccion','Definido','2023-03-16','2024-12-18','\"no hay\"'),(3,'elfego@mixteco.utm.mx','lacus. Quisque purus sapien, gravida','adipiscing elit. Aliquam auctor, velit','Direccion','Definido','2023-05-23','2025-01-03','\"no hay\"'),(4,'ssanchez@mixteco.utm.mx','sociis natoque penatibus et','diam. Duis mi','Jefatura','Definido','2023-08-05','2024-12-23','\"no hay\"'),(5,'ocetxim@mixteco.utm.mx','neque non quam. Pellentesque','Maecenas ornare egestas ligula. Nullam','Vicerectoria','Indefinido','2023-08-10','2024-12-25','\"no hay\"'),(6,'antoniog@mixteco.utm.mx','Proin vel nisl. Quisque','Morbi neque tellus, imperdiet non,','Jefatura','Indefinido','2023-10-02','2025-01-13','\"no hay\"'),(7,'rvaladez@mixteco.utm.mx','pretium neque. Morbi quis','elit, pharetra ut,','Direccion','Definido','2023-10-28','2024-12-27','\"no hay\"'),(8,'hcampos@mixteco.utm.mx','in consequat enim diam','adipiscing elit. Etiam laoreet,','Vicerectoria','Definido','2023-04-23','2024-12-02','\"no hay\"'),(9,'jvazquez@mixteco.utm.mx','quam, elementum at, egestas','Sed neque. Sed eget','Jefatura','Definido','2023-03-29','2024-12-02','\"no hay\"'),(10,'galvarez@mixteco.utm.mx','dis parturient montes,','sed, facilisis vitae,','Jefatura','Definido','2023-02-18','2024-12-03','\"no hay\"'),(11,'rsalas@mixteco.utm.mx','tristique pharetra. Quisque ac libero','est tempor bibendum. Donec','Direccion','Definido','2023-06-29','2024-12-14','\"no hay\"'),(12,'moises@mixteco.utm.mx','enim. Curabitur massa. Vestibulum','lacus. Ut nec urna','Vicerectoria','Definido','2023-02-21','2025-12-31','\"no hay\"'),(13,'sinue@mixteco.utm.mx','dapibus quam quis diam. Pellentesque','dui nec urna suscipit','Vicerectoria','Indefinido','2023-07-25','2024-12-23','\"no hay\"'),(14,'dtorres@mixteco.utm.mx','erat. Vivamus nisi. Mauris','pellentesque, tellus sem mollis dui,','Jefatura','Indefinido','2023-05-27','2024-12-11','\"no hay\"'),(15,'itzco80@mixteco.utm.mx','quam dignissim pharetra. Nam ac','Proin sed turpis','Jefatura','Definido','2023-03-31','2025-01-12','\"no hay\"'),(16,'ulisesps@mixteco.utm.mx','vel, mauris. Integer','sit amet, faucibus','Jefatura','Definido','2023-06-30','2025-01-02','\"no hay\"'),(17,'apiceno@mixteco.utm.mx','Nunc sollicitudin commodo ipsum. Suspendisse','neque tellus, imperdiet non,','Vicerectoria','Indefinido','2023-08-19','2024-12-04','\"no hay\"'),(18,'jcjim@mixteco.utm.mx','pede. Suspendisse dui. Fusce','nisi. Cum sociis natoque','Jefatura','Indefinido','2023-10-14','2024-12-10','\"no hay\"'),(19,'ulisesps@mixteco.utm.mx','Aliquam erat volutpat. Nulla','et malesuada fames ac','Jefatura','Definido','2023-04-13','2024-12-03','\"no hay\"'),(20,'jvargas@mixteco.utm.mx','odio. Aliquam vulputate ullamcorper','vitae aliquam eros turpis non','Jefatura','Definido','2023-08-31','2025-01-16','\"no hay\"'),(21,'elugog@mixteco.utm.mx','turpis. Aliquam adipiscing','turpis vitae purus gravida','Jefatura','Indefinido','2023-06-16','2025-01-11','\"no hay\"'),(22,'jmhm@mixteco.utm.mx','gravida sagittis. Duis gravida.','Ut nec urna','Vicerectoria','Indefinido','2023-08-02','2024-12-16','\"no hay\"'),(23,'rsalas@mixteco.utm.mx','aliquet magna a','parturient montes, nascetur','Jefatura','Indefinido','2023-09-01','2025-01-10','\"no hay\"'),(24,'rrosas@mixteco.utm.mx','at augue id ante','quam a felis ullamcorper','Jefatura','Definido','2023-07-09','2025-01-16','\"no hay\"'),(25,'jesusdiaz@mixteco.utm.mx','augue eu tellus.','Vivamus rhoncus. Donec est. Nunc','Direccion','Definido','2023-06-01','2024-12-09','\"no hay\"'),(26,'ponce@mixteco.utm.mx','vitae purus gravida sagittis.','nonummy ipsum non','Direccion','Definido','2023-10-23','2025-01-10','\"no hay\"'),(27,'iguillenc@mixteco.utm.mx','Cum sociis natoque','erat. Etiam vestibulum massa rutrum','Direccion','Definido','2023-05-06','2024-12-13','\"no hay\"'),(28,'salomong@mixteco.utm.mx','in, hendrerit consectetuer, cursus et,','dui quis accumsan convallis,','Jefatura','Definido','2023-10-16','2024-12-07','\"no hay\"'),(29,'jmontesinos@mixteco.utm.mx','placerat eget, venenatis a,','Morbi neque tellus, imperdiet non,','Jefatura','Indefinido','2023-04-12','2025-01-04','\"no hay\"'),(30,'mario.lomeli@gmail.com','et magnis dis parturient','sem, vitae aliquam eros turpis','Jefatura','Indefinido','2023-10-22','2025-01-09','\"no hay\"'),(31,'corona@mixteco.utm.mx','purus ac tellus. Suspendisse sed','ornare tortor at','Direccion','Indefinido','2023-05-19','2025-01-08','\"no hay\"'),(32,'conrado@mixteco.utm.mx','Proin vel arcu eu','laoreet ipsum. Curabitur','Direccion','Definido','2023-08-23','2025-12-31','\"no hay\"'),(33,'rsalas@mixteco.utm.mx','non arcu. Vivamus sit amet','dictum magna. Ut tincidunt','Vicerectoria','Definido','2023-06-05','2025-01-01','\"no hay\"'),(34,'yceron@mixteco.utm.mx','lorem vitae odio sagittis','metus. In lorem. Donec elementum,','Direccion','Definido','2023-04-12','2024-12-21','\"no hay\"'),(35,'maxvell@mixteco.utm.mx','ac urna. Ut tincidunt vehicula','venenatis vel, faucibus id,','Direccion','Indefinido','2023-04-02','2024-12-16','\"no hay\"'),(36,'mgarcia@mixteco.utm.mx','molestie arcu. Sed eu nibh','dolor sit amet, consectetuer','Jefatura','Indefinido','2023-04-29','2024-12-07','\"no hay\"'),(37,'hhdez@mixteco.utm.mx','aliquet odio. Etiam ligula tortor,','ante ipsum primis','Jefatura','Definido','2023-08-01','2025-01-12','\"no hay\"'),(38,'vidluz@mixteco.utm.mx','Curae Donec tincidunt.','rutrum magna. Cras convallis','Vicerectoria','Definido','2023-09-10','2025-01-04','\"no hay\"'),(39,'alopez@mixteco.utm.mx','ut quam vel','Morbi metus. Vivamus euismod','Jefatura','Indefinido','2023-06-13','2024-12-09','\"no hay\"'),(40,'aracelihj@mixteco.utm.mx','elementum at, egestas','massa. Mauris vestibulum, neque sed','Vicerectoria','Indefinido','2023-11-18','2024-12-08','\"no hay\"'),(41,'carmenb@mixteco.utm.mx','lobortis augue scelerisque mollis.','ultricies sem magna nec','Jefatura','Indefinido','2023-03-08','2024-12-07','\"no hay\"'),(42,'abravo@mixteco.utm.mx','posuere vulputate, lacus.','dolor dolor, tempus non,','Jefatura','Definido','2023-09-09','2025-12-29','\"no hay\"'),(43,'cisneros@mixteco.utm.mx','nulla magna, malesuada vel,','ullamcorper eu, euismod ac, fermentum','Jefatura','Indefinido','2023-07-14','2024-12-16','\"no hay\"'),(44,'rafagarcia@mixteco.utm.mx','Proin eget odio. Aliquam','nibh. Donec est','Jefatura','Definido','2023-08-12','2024-12-28','\"no hay\"'),(45,'avazquez@mixteco.utm.mx','iaculis aliquet diam. Sed','ipsum. Donec sollicitudin adipiscing','Vicerectoria','Indefinido','2023-02-08','2024-12-27','\"no hay\"'),(46,'ponce@mixteco.utm.mx','sapien imperdiet ornare. In','quis, pede. Praesent eu','Jefatura','Indefinido','2023-02-11','2025-01-09','\"no hay\"'),(47,'hugoe@mixteco.utm.mx','magna a tortor.','ut mi. Duis risus','Direccion','Indefinido','2023-11-20','2024-12-25','\"no hay\"'),(48,'elugog@mixteco.utm.mx','sem ut cursus luctus, ipsum','pellentesque, tellus sem mollis','Jefatura','Definido','2023-08-31','2025-01-10','\"no hay\"'),(49,'alvaromj@mixteco.utm.mx','ac ipsum. Phasellus vitae','eu, ultrices sit amet, risus.','Jefatura','Definido','2023-06-19','2024-12-28','\"no hay\"'),(50,'rrosas@mixteco.utm.mx','Nullam feugiat placerat velit.','Nunc mauris sapien, cursus','Jefatura','Indefinido','2023-08-24','2025-01-01','\"no hay\"'),(51,'rsalas@mixteco.utm.mx','interdum. Curabitur dictum. Phasellus in','sit amet luctus','Jefatura','Definido','2023-02-25','2024-12-26','\"no hay\"'),(52,'dbedolla@mixteco.utm.mx','et risus. Quisque libero lacus,','quis lectus. Nullam suscipit,','Direccion','Definido','2023-08-05','2024-12-14','\"no hay\"'),(53,'dulce@mixteco.utm.mx','tellus non magna. Nam','ultrices. Vivamus rhoncus. Donec','Direccion','Indefinido','2023-06-05','2024-12-28','\"no hay\"'),(54,'yescas@mixteco.utm.mx','Suspendisse sagittis. Nullam vitae diam.','Fusce diam nunc, ullamcorper eu,','Vicerectoria','Indefinido','2023-10-21','2025-01-09','\"no hay\"'),(55,'floresaly22@mixteco.utm.mx','Quisque nonummy ipsum non arcu.','risus a ultricies adipiscing,','Direccion','Definido','2023-07-26','2025-01-06','\"no hay\"'),(56,'sreyes@mixteco.utm.mx','tempus risus. Donec egestas. Duis','Integer id magna et ipsum','Vicerectoria','Indefinido','2023-08-13','2024-12-27','\"no hay\"'),(57,'plaza@mixteco.utm.mx','sed pede nec ante','massa lobortis ultrices.','Jefatura','Indefinido','2023-10-25','2025-01-14','\"no hay\"'),(58,'odiaz@mixteco.utm.mx','pellentesque. Sed dictum. Proin','Pellentesque ultricies dignissim lacus. Aliquam','Jefatura','Definido','2023-04-01','2024-12-27','\"no hay\"'),(59,'marco.contreras@mixteco.utm.mx','Aliquam nec enim. Nunc','adipiscing fringilla, porttitor vulputate, posuere','Direccion','Indefinido','2023-04-04','2024-12-23','\"no hay\"'),(60,'guyelmo_gs@mixteco.utm.mx','mattis. Cras eget nisi','consequat purus. Maecenas','Vicerectoria','Definido','2023-05-05','2025-01-13','\"no hay\"'),(61,'erikue@gmail.com','vel, convallis in, cursus et,','bibendum ullamcorper. Duis cursus,','Jefatura','Definido','2023-09-17','2025-01-08','\"no hay\"'),(62,'aracelihj@mixteco.utm.mx','Vivamus rhoncus. Donec est. Nunc','mauris eu elit. Nulla facilisi.','Jefatura','Indefinido','2023-04-26','2025-01-02','\"no hay\"'),(63,'juanespinoza@mixteco.utm.mx','a mi fringilla','massa. Integer vitae nibh. Donec','Jefatura','Indefinido','2023-02-10','2025-01-03','\"no hay\"'),(64,'marco.contreras@mixteco.utm.mx','mauris erat eget ipsum. Suspendisse','varius et, euismod et,','Vicerectoria','Definido','2023-02-16','2025-01-09','\"no hay\"'),(65,'jvargas@mixteco.utm.mx','viverra. Donec tempus, lorem','tortor. Nunc commodo auctor','Vicerectoria','Indefinido','2023-09-13','2025-01-16','\"no hay\"'),(66,'ssanchez@mixteco.utm.mx','habitant morbi tristique senectus et','tellus id nunc interdum','Direccion','Definido','2023-07-16','2025-01-05','\"no hay\"'),(67,'ccroldan@mixteco.utm.mx','eget, dictum placerat, augue.','odio. Phasellus at augue','Jefatura','Definido','2023-09-28','2025-12-29','\"no hay\"'),(68,'leninca@mixteco.utm.mx','nec tempus mauris erat','ridiculus mus. Proin vel','Jefatura','Indefinido','2023-04-01','2024-12-23','\"no hay\"'),(69,'yescas@mixteco.utm.mx','nec metus facilisis lorem','auctor vitae, aliquet nec, imperdiet','Jefatura','Indefinido','2023-02-22','2024-12-26','\"no hay\"'),(70,'perseo@mixteco.utm.mx','convallis, ante lectus','Nulla facilisi. Sed neque. Sed','Direccion','Definido','2023-06-11','2024-12-11','\"no hay\"'),(71,'salomong@mixteco.utm.mx','fames ac turpis egestas. Aliquam','in molestie tortor nibh','Direccion','Indefinido','2023-05-20','2025-01-01','\"no hay\"'),(72,'rruiz@mixteco.utm.mx','Proin eget odio.','Duis ac arcu. Nunc','Direccion','Indefinido','2023-08-29','2025-01-12','\"no hay\"'),(73,'alfredo@mixteco.utm.mx','Ut sagittis lobortis','habitant morbi tristique senectus','Vicerectoria','Indefinido','2023-07-03','2024-12-12','\"no hay\"'),(74,'jmontesinos@mixteco.utm.mx','vitae dolor. Donec fringilla.','aliquet. Proin velit. Sed','Vicerectoria','Definido','2023-10-12','2024-12-27','\"no hay\"'),(75,'maya@mixteco.utm.mx','eget metus. In','Donec dignissim magna','Vicerectoria','Definido','2023-09-19','2024-12-26','\"no hay\"'),(76,'apiceno@mixteco.utm.mx','Quisque nonummy ipsum','Nunc sollicitudin commodo ipsum.','Direccion','Definido','2023-10-16','2025-01-15','\"no hay\"'),(77,'avazquez@mixteco.utm.mx','dictum augue malesuada malesuada.','porttitor scelerisque neque.','Jefatura','Indefinido','2023-08-30','2025-01-16','\"no hay\"'),(78,'carlosvazquezc@mixteco.utm.mx','enim, condimentum eget,','feugiat tellus lorem eu','Jefatura','Indefinido','2023-05-01','2024-12-27','\"no hay\"'),(79,'solorio@mixteco.utm.mx','Integer aliquam adipiscing lacus. Ut','magna a tortor. Nunc','Jefatura','Indefinido','2023-07-04','2025-01-14','\"no hay\"'),(80,'pedroantonio@mixteco.utm.mx','erat eget ipsum.','libero est, congue a, aliquet','Jefatura','Indefinido','2023-05-01','2024-12-07','\"no hay\"'),(81,'jcsantos@mixteco.utm.mx','tristique pharetra. Quisque ac','accumsan interdum libero','Vicerectoria','Indefinido','2023-10-12','2024-12-13','\"no hay\"'),(82,'ulisesps@mixteco.utm.mx','tincidunt pede ac','et risus. Quisque libero lacus,','Jefatura','Definido','2023-10-18','2025-01-05','\"no hay\"'),(83,'arreagahm@mixteco.utm.mx','malesuada malesuada. Integer id','eu, accumsan sed, facilisis vitae,','Vicerectoria','Definido','2023-06-21','2024-12-25','\"no hay\"'),(84,'yoshi@mixteco.utm.mx','nunc risus varius orci,','luctus ut, pellentesque','Vicerectoria','Indefinido','2023-06-22','2024-12-13','\"no hay\"'),(85,'romeo.garcia@mixteco.utm.mx','ornare sagittis felis. Donec','nulla. In tincidunt congue','Vicerectoria','Definido','2023-10-02','2024-12-11','\"no hay\"'),(86,'mmartinez@mixteco.utm.mx','accumsan laoreet ipsum. Curabitur','enim. Mauris quis turpis','Jefatura','Indefinido','2023-06-17','2024-12-27','\"no hay\"'),(87,'erikue@gmail.com','nulla ante, iaculis nec,','molestie tellus. Aenean','Direccion','Definido','2023-04-06','2024-12-25','\"no hay\"'),(88,'atellezv@mixteco.utm.mx','in aliquet lobortis, nisi','lectus pede et risus.','Jefatura','Indefinido','2023-10-23','2025-01-09','\"no hay\"'),(89,'vmcruzm@mixteco.utm.mx','arcu eu odio tristique','tincidunt orci quis lectus.','Jefatura','Indefinido','2023-05-14','2024-12-04','\"no hay\"'),(90,'alicia@mixteco.utm.mx','lacus. Mauris non dui nec','lobortis, nisi nibh lacinia','Direccion','Indefinido','2023-06-16','2024-12-26','\"no hay\"'),(91,'hsuarez@mixteco.utm.mx','risus. Nunc ac sem','Suspendisse aliquet, sem ut','Vicerectoria','Definido','2023-07-15','2024-12-14','\"no hay\"'),(92,'alexbond@mixteco.utm.mx','Vivamus euismod urna. Nullam lobortis','lorem vitae odio sagittis semper.','Jefatura','Definido','2023-10-22','2024-12-21','\"no hay\"'),(93,'ypaz@mixteco.utm.mx','purus. Duis elementum,','nisi a odio semper','Jefatura','Definido','2023-04-05','2024-12-23','\"no hay\"'),(94,'monicamejia@mixteco.utm.mx','est, congue a, aliquet vel,','tristique pharetra. Quisque ac libero','Jefatura','Indefinido','2023-10-15','2024-12-09','\"no hay\"'),(95,'everth@mixteco.utm.mx','at fringilla purus mauris a','Nunc ullamcorper, velit','Vicerectoria','Definido','2023-01-28','2025-01-03','\"no hay\"'),(96,'anibal@mixteco.utm.mx','enim. Suspendisse aliquet,','vitae velit egestas lacinia.','Jefatura','Definido','2023-03-22','2024-12-02','\"no hay\"'),(97,'ltrujillo@mixteco.utm.mx','Mauris vestibulum, neque','Cras eget nisi dictum','Direccion','Definido','2023-05-01','2025-01-15','\"no hay\"'),(98,'anonimo@empresariales','interdum libero dui nec','dictum placerat, augue. Sed molestie.','Vicerectoria','Definido','2023-08-22','2024-12-16','\"no hay\"'),(99,'octavioalberto@mixteco.utm.mx','cursus et, eros. Proin ultrices.','tellus. Aenean egestas hendrerit neque.','Vicerectoria','Definido','2023-09-25','2025-01-16','\"no hay\"'),(100,'lauramar@mixteco.utm.mx','vel, mauris. Integer sem','est, mollis non,','Jefatura','Definido','2023-10-14','2025-01-11','\"no hay\"');
/*!40000 ALTER TABLE `comision` ENABLE KEYS */;
UNLOCK TABLES;

--
-- Table structure for table `eventos`
--

DROP TABLE IF EXISTS `eventos`;
/*!40101 SET @saved_cs_client     = @@character_set_client */;
/*!50503 SET character_set_client = utf8mb4 */;
CREATE TABLE `eventos` (
  `id` bigint(20) NOT NULL AUTO_INCREMENT,
  `correoProfesor` text NOT NULL,
  `tipoEvento` text NOT NULL,
  `nombreEvento` text NOT NULL,
  `participacion` text NOT NULL,
  `afectaLinea` text NOT NULL,
  `tipoParticipacion` text NOT NULL,
  `titulo` text NOT NULL,
  `inicio` date NOT NULL,
  `fin` date NOT NULL,
  `comprobante` text NOT NULL,
  PRIMARY KEY (`id`)
) ENGINE=InnoDB AUTO_INCREMENT=20170707085235 DEFAULT CHARSET=utf8mb4 COLLATE=utf8mb4_general_ci;
/*!40101 SET character_set_client = @saved_cs_client */;

--
-- Dumping data for table `eventos`
--

LOCK TABLES `eventos` WRITE;
/*!40000 ALTER TABLE `eventos` DISABLE KEYS */;
INSERT INTO `eventos` VALUES (1,'jbarahona@mixteco.utm.mx','tempor, est','pharetra nibh.','Nacional','lacus.','five','Phasellus','2025-01-13','2025-01-24','jbarahona@mixteco.utm.mx.pdf'),(2,'rcruz@mixteco.utm.mx','leo.','luctus lobortis.','Internacional','placerat velit. Quisque varius.','eight','non quam. Pellentesque','2025-01-14','2025-01-20','rcruz@mixteco.utm.mx.pdf'),(3,'ssanchez@mixteco.utm.mx','enim.','arcu.','Nacional','adipiscing ligula. Aenean','nine','metus.','2025-01-05','2024-12-08','ssanchez@mixteco.utm.mx.pdf'),(4,'alheran@mixteco.utm.mx','mi.','Proin','Internacional','interdum','five','arcu','2025-01-09','2025-01-16','alheran@mixteco.utm.mx.pdf'),(5,'ypaz@mixteco.utm.mx','hendrerit consectetuer,','mauris id','Nacional','mi. Duis','one','bibendum. Donec','2025-12-29','2025-01-17','ypaz@mixteco.utm.mx.pdf'),(6,'rjamaro@mixteco.utm.mx','vel quam','metus. In nec orci.','Internacional','sit amet','five','dictum. Phasellus in felis. Nulla','2024-12-23','2024-12-15','rjamaro@mixteco.utm.mx.pdf'),(7,'vania@mixteco.utm.mx','augue. Sed','Vivamus non lorem','Internacional','lacus. Quisque purus','ten','at risus. Nunc','2024-12-09','2025-01-20','vania@mixteco.utm.mx.pdf'),(8,'yoshi@mixteco.utm.mx','ac, feugiat','Morbi neque tellus,','Internacional','vitae risus. Duis a','four','nonummy','2024-12-20','2024-12-08','yoshi@mixteco.utm.mx.pdf'),(9,'vmcruzm@mixteco.utm.mx','dolor. Nulla','dolor elit, pellentesque','Internacional','ac, feugiat non, lobortis quis,','ten','Mauris blandit enim','2025-01-03','2025-01-21','vmcruzm@mixteco.utm.mx.pdf'),(10,'arturosg@mixteco.utm.mx','accumsan sed,','eu neque','Nacional','et ipsum','ten','lacus. Etiam bibendum fermentum','2025-01-22','2024-12-09','arturosg@mixteco.utm.mx.pdf'),(11,'jbarahona@mixteco.utm.mx','elementum, dui','sed dui. Fusce','Nacional','pede. Nunc sed','four','Cras sed','2024-12-14','2025-01-08','jbarahona@mixteco.utm.mx.pdf'),(12,'virgilio@mixteco.utm.mx','elit, pretium','magnis dis parturient montes,','Internacional','nonummy ac, feugiat non,','four','Nunc lectus','2024-12-07','2025-12-30','virgilio@mixteco.utm.mx.pdf'),(13,'liliana@mixteco.utm.mx','adipiscing ligula.','amet ante. Vivamus','Nacional','lacinia orci, consectetuer','seven','tempor arcu. Vestibulum','2024-12-28','2024-12-19','liliana@mixteco.utm.mx.pdf'),(14,'jmhm@mixteco.utm.mx','ac sem ut','est, congue','Nacional','Pellentesque ut','six','elit erat vitae risus. Duis','2025-01-11','2024-12-03','jmhm@mixteco.utm.mx.pdf'),(15,'almasalazar@mixteco.utm.mx','nonummy ipsum','tellus, imperdiet non, vestibulum nec,','Internacional','Donec nibh enim, gravida','seven','sem ut cursus luctus, ipsum','2024-12-06','2024-12-21','almasalazar@mixteco.utm.mx.pdf'),(16,'maria.lopez@mixteco.utm.mx','in faucibus','libero. Integer in','Nacional','feugiat tellus','ten','elit. Curabitur','2025-01-01','2024-12-05','maria.lopez@mixteco.utm.mx.pdf'),(17,'corona@mixteco.utm.mx','habitant','ipsum dolor sit','Nacional','elit sed consequat','seven','odio semper cursus. Integer','2024-12-07','2024-12-25','corona@mixteco.utm.mx.pdf'),(18,'pcgm@mixteco.utm.mx','Mauris nulla.','dui. Fusce diam nunc, ullamcorper','Nacional','at, velit. Cras','six','ante, iaculis nec, eleifend non, dapibus','2025-01-09','2024-12-09','pcgm@mixteco.utm.mx.pdf'),(19,'jose.alfredo@mixteco.utm.mx','enim. Etiam gravida','elit pede, malesuada','Internacional','arcu. Vestibulum ante','eight','ridiculus','2024-12-25','2024-12-21','jose.alfredo@mixteco.utm.mx.pdf'),(20,'mam@mixteco.utm.mx','vitae erat','orci. Donec nibh. Quisque','Nacional','dictum augue','ten','nonummy ultricies','2024-12-22','2025-01-09','mam@mixteco.utm.mx.pdf'),(21,'fsantiag@mixteco.utm.mx','aliquam eu,','dui.','Internacional','ultrices. Vivamus rhoncus. Donec','ten','magna. Suspendisse tristique neque venenatis','2025-01-03','2025-01-13','fsantiag@mixteco.utm.mx.pdf'),(22,'eisaac@mixteco.utm.mx','tempor bibendum.','nonummy ac, feugiat','Nacional','purus, accumsan','nine','pede. Suspendisse dui. Fusce diam','2025-01-04','2025-01-02','eisaac@mixteco.utm.mx.pdf'),(23,'Eliezer@mixteco.utm.mx','nonummy ac,','nibh lacinia','Internacional','massa.','ten','ullamcorper,','2024-12-03','2024-12-11','Eliezer@mixteco.utm.mx.pdf'),(24,'hugoe@mixteco.utm.mx','sit amet,','mollis lectus pede et risus.','Nacional','ipsum dolor','four','cursus purus. Nullam scelerisque neque sed','2024-12-09','2024-12-28','hugoe@mixteco.utm.mx.pdf'),(25,'admm@mixteco.utm.mx','mauris ipsum porta','diam vel arcu.','Internacional','Quisque','ten','Sed et libero. Proin mi.','2025-01-12','2024-12-23','admm@mixteco.utm.mx.pdf'),(26,'gnoriega@mixteco.utm.mx','libero mauris,','porttitor','Nacional','fermentum arcu. Vestibulum','two','dolor. Quisque tincidunt','2025-01-25','2024-12-23','gnoriega@mixteco.utm.mx.pdf'),(27,'octavioalberto@mixteco.utm.mx','sit amet,','Integer vulputate, risus a','Internacional','ante dictum mi, ac','six','libero lacus, varius et, euismod et,','2024-12-04','2025-01-21','octavioalberto@mixteco.utm.mx.pdf'),(28,'lalvarez@mixteco.utm.mx','ligula. Aenean euismod','luctus lobortis. Class aptent','Nacional','massa. Quisque porttitor eros','one','venenatis lacus.','2024-12-20','2025-01-21','lalvarez@mixteco.utm.mx.pdf'),(29,'alevelar@mixteco.utm.mx','Nunc','turpis egestas.','Internacional','vehicula et, rutrum eu, ultrices','seven','pharetra sed, hendrerit a, arcu. Sed','2025-12-31','2024-12-08','alevelar@mixteco.utm.mx.pdf'),(30,'marcor@mixteco.utm.mx','eget odio.','conubia','Internacional','Proin ultrices. Duis volutpat nunc','four','sed leo. Cras vehicula','2025-01-03','2025-12-30','marcor@mixteco.utm.mx.pdf'),(31,'maxvell@mixteco.utm.mx','mauris a','Pellentesque tincidunt','Nacional','ligula consectetuer rhoncus. Nullam velit','ten','Sed malesuada augue','2025-01-03','2024-12-17','maxvell@mixteco.utm.mx.pdf'),(32,'vmcruzm@mixteco.utm.mx','faucibus orci','felis. Nulla tempor augue','Nacional','tortor, dictum eu, placerat','three','Vestibulum ante ipsum primis in','2024-12-20','2025-01-20','vmcruzm@mixteco.utm.mx.pdf'),(33,'edith@mixteco.utm.mx','Nam ac','aliquam adipiscing lacus. Ut','Internacional','nulla ante,','ten','laoreet lectus','2025-01-25','2024-12-03','edith@mixteco.utm.mx.pdf'),(34,'carlosmtz@mixteco.utm.mx','blandit.','congue, elit','Internacional','malesuada ut,','seven','nisi. Cum sociis','2024-12-05','2025-01-06','carlosmtz@mixteco.utm.mx.pdf'),(35,'avazquez@mixteco.utm.mx','hendrerit','egestas hendrerit neque. In','Internacional','ipsum','ten','Fusce aliquam, enim','2025-12-30','2024-12-08','avazquez@mixteco.utm.mx.pdf'),(36,'marcor@mixteco.utm.mx','pede et risus.','lectus quis','Nacional','blandit congue. In scelerisque','four','faucibus ut, nulla. Cras eu','2024-12-16','2025-01-05','marcor@mixteco.utm.mx.pdf'),(37,'corro@mixteco.utm.mx','consectetuer mauris','dis','Internacional','fermentum arcu. Vestibulum','ten','arcu. Sed eu','2024-12-03','2024-12-02','corro@mixteco.utm.mx.pdf'),(38,'sofosmaster@mixteco.utm.mx','felis. Nulla','Nam tempor','Nacional','Sed auctor odio a','one','et libero. Proin mi.','2024-12-11','2024-12-24','sofosmaster@mixteco.utm.mx.pdf'),(39,'marioz@mixteco.utm.mx','ultrices','nonummy ut, molestie','Nacional','a neque. Nullam ut','five','elit, pharetra ut, pharetra sed, hendrerit','2025-01-20','2024-12-28','marioz@mixteco.utm.mx.pdf'),(40,'maxvell@mixteco.utm.mx','pharetra sed,','semper pretium neque.','Nacional','inceptos hymenaeos. Mauris','two','mauris ipsum porta elit,','2024-12-15','2024-12-27','maxvell@mixteco.utm.mx.pdf'),(41,'maria.lopez@mixteco.utm.mx','enim, gravida','Suspendisse aliquet','Internacional','sit amet, consectetuer adipiscing','one','imperdiet ornare.','2025-01-06','2024-12-11','maria.lopez@mixteco.utm.mx.pdf'),(42,'carlosmtz@mixteco.utm.mx','aliquam iaculis, lacus','id magna et','Internacional','ipsum dolor sit','four','velit.','2025-01-15','2024-12-02','carlosmtz@mixteco.utm.mx.pdf'),(43,'itzco80@mixteco.utm.mx','nec, euismod','lorem','Internacional','urna, nec luctus felis','four','est, congue a, aliquet','2024-12-18','2025-01-25','itzco80@mixteco.utm.mx.pdf'),(44,'ramon@mixteco.utm.mx','molestie orci','ante. Nunc mauris','Internacional','Curabitur','six','Phasellus dapibus quam quis diam.','2024-12-25','2024-12-10','ramon@mixteco.utm.mx.pdf'),(45,'patsanmx@mixteco.utm.mx','In tincidunt','aliquet.','Internacional','dis','nine','sociis natoque penatibus','2025-01-07','2025-01-11','patsanmx@mixteco.utm.mx.pdf'),(46,'Eliezer@mixteco.utm.mx','In lorem.','vulputate velit','Nacional','enim. Mauris quis turpis vitae','six','Sed nec metus','2024-12-10','2024-12-12','Eliezer@mixteco.utm.mx.pdf'),(47,'romeo.garcia@mixteco.utm.mx','vitae,','vulputate mauris sagittis placerat.','Nacional','Aliquam ultrices iaculis odio.','ten','sit amet ante. Vivamus','2024-12-13','2025-01-22','romeo.garcia@mixteco.utm.mx.pdf'),(48,'rvaladez@mixteco.utm.mx','adipiscing','amet','Nacional','sit','five','Duis cursus, diam at','2025-01-17','2025-01-24','rvaladez@mixteco.utm.mx.pdf'),(49,'ivan@mixteco.utm.mx','arcu. Vestibulum','Cum sociis natoque penatibus','Nacional','convallis,','two','nisi. Aenean eget','2025-01-09','2024-12-15','ivan@mixteco.utm.mx.pdf'),(50,'frivera@mixteco.utm.mx','mattis. Integer','sit','Internacional','enim diam vel','one','Morbi non sapien molestie orci','2025-12-31','2024-12-24','frivera@mixteco.utm.mx.pdf'),(51,'rsalas@mixteco.utm.mx','enim','dolor. Fusce feugiat. Lorem','Internacional','consectetuer adipiscing elit.','one','mauris erat eget ipsum.','2024-12-11','2025-12-29','rsalas@mixteco.utm.mx.pdf'),(52,'eruvid@mixteco.utm.mx','turpis non','nisi nibh','Internacional','cubilia Curae','one','parturient montes, nascetur ridiculus mus. Proin','2024-12-22','2024-12-23','eruvid@mixteco.utm.mx.pdf'),(53,'alcauter@mixteco.utm.mx','mus. Proin vel','turpis. In','Nacional','Mauris','six','eget, ipsum.','2025-01-14','2024-12-06','alcauter@mixteco.utm.mx.pdf'),(54,'rrosas@mixteco.utm.mx','molestie','purus. Duis elementum, dui quis','Nacional','nonummy','four','tincidunt. Donec vitae erat','2024-12-25','2024-12-15','rrosas@mixteco.utm.mx.pdf'),(55,'yescas@mixteco.utm.mx','Aliquam nisl.','leo, in lobortis','Nacional','urna convallis erat, eget','seven','arcu. Vestibulum','2025-01-13','2025-01-09','yescas@mixteco.utm.mx.pdf'),(56,'hugoe@mixteco.utm.mx','Fusce aliquam,','augue porttitor interdum. Sed','Internacional','orci, in consequat','four','vitae','2024-12-28','2024-12-12','hugoe@mixteco.utm.mx.pdf'),(57,'alicia@mixteco.utm.mx','Donec porttitor','sed dolor.','Internacional','Curabitur vel lectus. Cum','three','et, euismod','2024-12-23','2025-12-30','alicia@mixteco.utm.mx.pdf'),(58,'cmillanh@mixteco.utm.mx','a ultricies','non, feugiat nec, diam.','Nacional','nibh dolor,','six','massa. Mauris vestibulum, neque sed dictum','2024-12-02','2024-12-10','cmillanh@mixteco.utm.mx.pdf'),(59,'thaliarr@mixteco.utm.mx','nisi','purus. Maecenas','Internacional','nec luctus felis purus','two','tellus faucibus leo, in','2025-01-21','2025-01-11','thaliarr@mixteco.utm.mx.pdf'),(60,'jtenorio@mixteco.utm.mx','vulputate,','rutrum','Internacional','convallis in,','one','felis. Donec tempor, est','2024-12-17','2025-01-25','jtenorio@mixteco.utm.mx.pdf'),(61,'dtorres@mixteco.utm.mx','dui. Fusce','vel, convallis','Internacional','auctor.','eight','mi. Aliquam','2024-12-25','2024-12-10','dtorres@mixteco.utm.mx.pdf'),(62,'solorio@mixteco.utm.mx','luctus et','eget','Internacional','Donec tincidunt. Donec vitae','one','accumsan sed, facilisis vitae, orci.','2025-01-13','2025-01-02','solorio@mixteco.utm.mx.pdf'),(63,'pedroantonio@mixteco.utm.mx','Vivamus sit','ut lacus. Nulla','Nacional','dolor dolor,','six','magna. Nam ligula elit,','2024-12-28','2024-12-05','pedroantonio@mixteco.utm.mx.pdf'),(64,'jlinares@mixteco.utm.mx','eu','adipiscing, enim mi tempor lorem,','Nacional','ornare. In faucibus.','ten','ridiculus mus. Donec dignissim','2025-01-03','2025-01-01','jlinares@mixteco.utm.mx.pdf'),(65,'gercruz@mixteco.utm.mx','fringilla, porttitor','est.','Internacional','elementum purus, accumsan interdum libero','ten','eu','2024-12-10','2024-12-28','gercruz@mixteco.utm.mx.pdf'),(66,'rafagarcia@mixteco.utm.mx','lacinia mattis.','velit. Aliquam nisl.','Internacional','ipsum leo elementum sem,','nine','fringilla purus mauris','2024-12-15','2025-01-22','rafagarcia@mixteco.utm.mx.pdf'),(67,'sinue@mixteco.utm.mx','in faucibus','rutrum. Fusce dolor quam,','Internacional','pede, nonummy ut, molestie','three','dapibus gravida. Aliquam tincidunt, nunc','2025-01-13','2025-01-05','sinue@mixteco.utm.mx.pdf'),(68,'everth@mixteco.utm.mx','semper pretium','enim. Suspendisse aliquet,','Nacional','mauris. Morbi non sapien','one','Nunc commodo auctor velit.','2025-01-22','2024-12-22','everth@mixteco.utm.mx.pdf'),(69,'jahdezp@mixteco.utm.mx','ac libero','Nunc ullamcorper, velit in aliquet','Internacional','eu, odio.','six','ut, pellentesque eget,','2025-01-11','2025-01-08','jahdezp@mixteco.utm.mx.pdf'),(70,'jamoreno@mixteco.utm.mx','Sed molestie.','id, libero.','Internacional','est, congue a, aliquet','three','semper cursus. Integer mollis.','2025-01-14','2025-01-21','jamoreno@mixteco.utm.mx.pdf'),(71,'nsantos@mixteco.utm.mx','arcu ac orci.','tempus risus.','Nacional','pharetra','six','interdum.','2024-12-07','2024-12-28','nsantos@mixteco.utm.mx.pdf'),(72,'aromano@mixteco.utm.mx','Nulla semper tellus','eget','Nacional','odio.','ten','nunc. In','2025-01-15','2025-01-20','aromano@mixteco.utm.mx.pdf'),(73,'everth@mixteco.utm.mx','mauris sit','mollis vitae, posuere','Nacional','Class aptent taciti','ten','purus, in molestie tortor nibh','2024-12-12','2024-12-26','everth@mixteco.utm.mx.pdf'),(74,'hsuarez@mixteco.utm.mx','torquent','mi enim, condimentum eget,','Nacional','nec, leo. Morbi','one','sapien. Nunc pulvinar arcu et pede.','2025-01-08','2025-01-12','hsuarez@mixteco.utm.mx.pdf'),(75,'lauramar@mixteco.utm.mx','tortor at','pede. Cras','Internacional','non, dapibus','five','nec mauris blandit mattis.','2025-12-29','2025-01-18','lauramar@mixteco.utm.mx.pdf'),(76,'cabi@mixteco.utm.mx','ligula. Donec','Vestibulum ante ipsum primis','Internacional','ipsum leo elementum','seven','vel, venenatis vel, faucibus id, libero.','2024-12-15','2024-12-16','cabi@mixteco.utm.mx.pdf'),(77,'avazquez@mixteco.utm.mx','consectetuer ipsum nunc','semper. Nam tempor','Nacional','pharetra. Nam ac nulla.','five','dolor sit','2024-12-16','2024-12-14','avazquez@mixteco.utm.mx.pdf'),(78,'elf@mixteco.utm.mx','sollicitudin commodo ipsum.','molestie orci tincidunt','Nacional','massa lobortis ultrices.','nine','diam at pretium aliquet, metus urna','2025-01-18','2025-01-22','elf@mixteco.utm.mx.pdf'),(79,'josejuan@mixteco.utm.mx','Fusce feugiat.','nunc interdum feugiat. Sed','Internacional','orci, in consequat enim','ten','montes, nascetur ridiculus mus. Proin','2024-12-25','2025-01-11','josejuan@mixteco.utm.mx.pdf'),(80,'yaneth@mixteco.utm.mx','et ipsum','porttitor tellus non','Nacional','adipiscing lacus. Ut nec urna','six','ut, nulla. Cras eu tellus','2024-12-03','2025-01-06','yaneth@mixteco.utm.mx.pdf'),(81,'mmarquez@mixteco.utm.mx','mi lacinia mattis.','dis parturient montes,','Internacional','vulputate dui,','three','ac sem ut','2024-12-25','2025-12-31','mmarquez@mixteco.utm.mx.pdf'),(82,'evelia@mixteco.utm.mx','augue, eu','purus gravida sagittis. Duis','Nacional','urna suscipit','five','Duis gravida. Praesent','2025-01-14','2025-01-22','evelia@mixteco.utm.mx.pdf'),(83,'ssanchez@mixteco.utm.mx','cursus a,','scelerisque mollis. Phasellus libero mauris,','Nacional','non, feugiat nec, diam. Duis','seven','quis urna. Nunc','2024-12-27','2025-01-21','ssanchez@mixteco.utm.mx.pdf'),(84,'icorrales@mixteco.utm.mx','amet','Nunc mauris sapien, cursus','Internacional','Suspendisse aliquet molestie tellus.','five','augue eu tellus. Phasellus elit pede,','2024-12-09','2025-01-24','icorrales@mixteco.utm.mx.pdf'),(85,'dsalazar@mixteco.utm.mx','rutrum','ipsum cursus vestibulum. Mauris magna.','Nacional','odio tristique pharetra. Quisque','four','Donec fringilla.','2024-12-26','2025-01-04','dsalazar@mixteco.utm.mx.pdf'),(86,'jaesba@mixteco.utm.mx','eu','elit, a','Internacional','Praesent eu nulla at','four','dis parturient montes, nascetur','2025-01-17','2024-12-08','jaesba@mixteco.utm.mx.pdf'),(87,'eguerrero@mixteco.utm.mx','arcu.','amet massa. Quisque porttitor','Nacional','Donec nibh. Quisque','eight','arcu iaculis enim, sit amet ornare','2024-12-06','2024-12-27','eguerrero@mixteco.utm.mx.pdf'),(88,'josegahez@mixteco.utm.mx','Suspendisse dui.','sit amet','Nacional','tincidunt orci quis lectus. Nullam','ten','euismod enim. Etiam','2024-12-21','2024-12-28','josegahez@mixteco.utm.mx.pdf'),(89,'vtochi@mixteco.utm.mx','mi lorem, vehicula','elit. Curabitur sed tortor.','Nacional','pretium neque.','six','at, velit. Cras lorem','2024-12-16','2024-12-18','vtochi@mixteco.utm.mx.pdf'),(90,'jose@mixteco.utm.mx','erat. Sed','netus et malesuada fames ac','Internacional','ligula. Donec luctus aliquet','eight','vitae odio sagittis semper. Nam','2024-12-26','2025-01-03','jose@mixteco.utm.mx.pdf'),(91,'corro@mixteco.utm.mx','Phasellus','augue ut','Nacional','vulputate ullamcorper magna. Sed','four','quis,','2025-01-06','2024-12-23','corro@mixteco.utm.mx.pdf'),(92,'josegahez@mixteco.utm.mx','montes, nascetur','nibh. Aliquam ornare, libero','Nacional','Integer tincidunt aliquam arcu.','one','gravida','2025-01-21','2024-12-03','josegahez@mixteco.utm.mx.pdf'),(93,'ssanchez@mixteco.utm.mx','ornare sagittis','nec ante. Maecenas mi','Internacional','eleifend nec,','nine','Integer urna. Vivamus','2025-01-10','2024-12-24','ssanchez@mixteco.utm.mx.pdf'),(94,'rtapia@mixteco.utm.mx','amet','metus vitae','Internacional','orci tincidunt adipiscing. Mauris molestie','nine','a,','2025-01-14','2025-01-19','rtapia@mixteco.utm.mx.pdf'),(95,'jtenorio@mixteco.utm.mx','sapien. Cras','purus.','Internacional','Nullam enim. Sed','five','quis, tristique ac, eleifend','2024-12-18','2024-12-22','jtenorio@mixteco.utm.mx.pdf'),(96,'jjf@mixteco.utm.mx','enim. Sed','Nullam scelerisque neque','Nacional','massa. Integer','one','odio. Nam interdum enim non','2025-01-13','2025-01-13','jjf@mixteco.utm.mx.pdf'),(97,'rebecahdz@mixteco.utm.mx','elit,','purus, in','Nacional','sit amet nulla. Donec','two','odio semper cursus.','2025-01-03','2024-12-12','rebecahdz@mixteco.utm.mx.pdf'),(98,'frivera@mixteco.utm.mx','lectus ante','Ut semper pretium neque.','Internacional','metus vitae velit egestas','eight','ac, fermentum vel, mauris. Integer','2025-12-30','2025-01-23','frivera@mixteco.utm.mx.pdf'),(99,'fsantiag@mixteco.utm.mx','a feugiat','feugiat placerat velit. Quisque','Internacional','semper et, lacinia','five','mauris sit amet lorem semper auctor.','2024-12-24','2025-12-31','fsantiag@mixteco.utm.mx.pdf'),(100,'gercruz@mixteco.utm.mx','Vivamus sit','eu tempor erat neque','Nacional','nec, leo. Morbi neque','one','vel est tempor bibendum.','2024-12-03','2024-12-21','gercruz@mixteco.utm.mx.pdf'),(20170707085234,'erikue@gmail.com','Congreso','IX Simposium de Software Libre de la Mixteca','Nacional','Si','Asistente','Herramientas usadas en el desarrollo de un sistemas de localizacion en interiores','2017-04-26','2017-04-28','');
/*!40000 ALTER TABLE `eventos` ENABLE KEYS */;
UNLOCK TABLES;

--
-- Table structure for table `institutos`
--

DROP TABLE IF EXISTS `institutos`;
/*!40101 SET @saved_cs_client     = @@character_set_client */;
/*!50503 SET character_set_client = utf8mb4 */;
CREATE TABLE `institutos` (
  `codigo` int(11) NOT NULL,
  `nombre` varchar(59) NOT NULL,
  PRIMARY KEY (`codigo`)
) ENGINE=InnoDB DEFAULT CHARSET=utf8mb4 COLLATE=utf8mb4_general_ci;
/*!40101 SET character_set_client = @saved_cs_client */;

--
-- Dumping data for table `institutos`
--

LOCK TABLES `institutos` WRITE;
/*!40000 ALTER TABLE `institutos` DISABLE KEYS */;
INSERT INTO `institutos` VALUES (0,'vice-rectoria académica'),(1,'Instituto de electrónica y mecatrónica'),(2,'Instituto de computación'),(3,'Instituto de diseño'),(4,'Instituto de física y matemáticas'),(5,'Instituto de ciencias sociales y humanidades'),(8,'Instituto de agroindustrias'),(9,'Instituto de hidrología'),(10,'Instituto de minería'),(11,'Centro de Estudios de Nuevos Materiales'),(12,'Centro de Idiomas'),(13,'Instituto de Ingeniería Industrial y Automotriz'),(14,'Centro de Modelación Matemática, Vinculación y Consultoría'),(100,'Posgrado');
/*!40000 ALTER TABLE `institutos` ENABLE KEYS */;
UNLOCK TABLES;

--
-- Table structure for table `materias`
--

DROP TABLE IF EXISTS `materias`;
/*!40101 SET @saved_cs_client     = @@character_set_client */;
/*!50503 SET character_set_client = utf8mb4 */;
CREATE TABLE `materias` (
  `id` bigint(20) NOT NULL AUTO_INCREMENT,
  `idPlan` int(11) NOT NULL,
  `nombre` text NOT NULL,
  `semestre` int(11) NOT NULL,
  PRIMARY KEY (`id`),
  KEY `idPlan` (`idPlan`),
  CONSTRAINT `materias_ibfk_1` FOREIGN KEY (`idPlan`) REFERENCES `planes` (`id`)
) ENGINE=InnoDB AUTO_INCREMENT=51 DEFAULT CHARSET=utf8mb4 COLLATE=utf8mb4_general_ci;
/*!40101 SET character_set_client = @saved_cs_client */;

--
-- Dumping data for table `materias`
--

LOCK TABLES `materias` WRITE;
/*!40000 ALTER TABLE `materias` DISABLE KEYS */;
INSERT INTO `materias` VALUES (1,11,'eleifend egestas.',6),(2,5,'consectetuer',9),(3,2,'malesuada vel, venenatis',10),(4,13,'quis',2),(5,11,'imperdiet non, vestibulum',2),(6,8,'et',2),(7,13,'nisl.',3),(8,7,'elementum at, egestas',5),(9,6,'tincidunt. Donec vitae',3),(10,3,'vestibulum, neque sed dictum',9),(11,14,'sem eget massa.',4),(12,6,'amet',3),(13,13,'egestas',4),(14,7,'fringilla cursus',2),(15,6,'urna. Nullam lobortis quam',3),(16,8,'accumsan interdum libero',6),(17,7,'at pede.',8),(18,13,'risus. Donec',8),(19,1,'ac',2),(20,11,'fames ac turpis',2),(21,8,'purus ac tellus. Suspendisse',5),(22,7,'in',7),(23,14,'euismod et,',5),(24,14,'Sed',3),(25,7,'Aliquam',8),(26,7,'felis eget varius ultrices,',6),(27,2,'dui. Fusce diam',5),(28,1,'nulla. In tincidunt',10),(29,1,'ac urna. Ut',1),(30,11,'semper. Nam tempor',6),(31,4,'urna',2),(32,4,'egestas. Duis',4),(33,5,'sollicitudin orci',6),(34,1,'ultricies ornare,',7),(35,1,'et risus.',3),(36,9,'eros. Proin ultrices. Duis',9),(37,5,'auctor quis, tristique',5),(38,13,'aliquet libero. Integer',7),(39,2,'morbi tristique senectus',4),(40,13,'Curabitur vel lectus. Cum',3),(41,2,'natoque penatibus',6),(42,2,'pellentesque',8),(43,4,'scelerisque mollis. Phasellus',6),(44,2,'Phasellus ornare.',3),(45,6,'consectetuer euismod',3),(46,12,'Suspendisse eleifend.',7),(47,8,'In faucibus. Morbi',10),(48,7,'lacus.',10),(49,5,'magna. Phasellus',2),(50,14,'justo. Proin non massa',2);
/*!40000 ALTER TABLE `materias` ENABLE KEYS */;
UNLOCK TABLES;

--
-- Table structure for table `planes`
--

DROP TABLE IF EXISTS `planes`;
/*!40101 SET @saved_cs_client     = @@character_set_client */;
/*!50503 SET character_set_client = utf8mb4 */;
CREATE TABLE `planes` (
  `id` int(11) NOT NULL AUTO_INCREMENT,
  `codigoCarrera` int(11) NOT NULL,
  `nombre` text NOT NULL,
  PRIMARY KEY (`id`),
  KEY `codigoCarrera` (`codigoCarrera`),
  CONSTRAINT `planes_ibfk_1` FOREIGN KEY (`codigoCarrera`) REFERENCES `carreras` (`codigoCarrera`)
) ENGINE=InnoDB AUTO_INCREMENT=16 DEFAULT CHARSET=utf8mb4 COLLATE=utf8mb4_general_ci;
/*!40101 SET character_set_client = @saved_cs_client */;

--
-- Dumping data for table `planes`
--

LOCK TABLES `planes` WRITE;
/*!40000 ALTER TABLE `planes` DISABLE KEYS */;
INSERT INTO `planes` VALUES (1,59,'ultricies'),(2,11,'eu tellus eu'),(3,51,'vitae mauris'),(4,63,'at sem molestie sodales.'),(5,57,'pretium et,'),(6,31,'ligula consectetuer rhoncus.'),(7,62,'sed libero. Proin'),(8,12,'blandit. Nam'),(9,52,'Curabitur ut'),(10,55,'libero. Proin'),(11,4,'orci lobortis augue'),(12,6,'lectus sit'),(13,14,'iaculis, lacus'),(14,37,'sit amet, risus. Donec'),(15,90,'magna. Phasellus dolor');
/*!40000 ALTER TABLE `planes` ENABLE KEYS */;
UNLOCK TABLES;

--
-- Table structure for table `profesores`
--

DROP TABLE IF EXISTS `profesores`;
/*!40101 SET @saved_cs_client     = @@character_set_client */;
/*!50503 SET character_set_client = utf8mb4 */;
CREATE TABLE `profesores` (
  `id` int(11) NOT NULL AUTO_INCREMENT,
  `nombre` varchar(39) DEFAULT NULL,
  `correo` varchar(37) DEFAULT NULL,
  `password` varchar(16) DEFAULT NULL,
  `nivel` int(11) DEFAULT NULL,
  `instituto` int(11) NOT NULL,
  `grado` varchar(16) DEFAULT NULL,
  `carrera` int(11) DEFAULT NULL,
  `tipo` int(11) DEFAULT NULL,
  PRIMARY KEY (`id`),
  KEY `carrera` (`carrera`),
  KEY `instituto` (`instituto`),
  CONSTRAINT `profesores_ibfk_1` FOREIGN KEY (`carrera`) REFERENCES `carreras` (`codigoCarrera`),
  CONSTRAINT `profesores_ibfk_2` FOREIGN KEY (`instituto`) REFERENCES `institutos` (`codigo`)
) ENGINE=InnoDB AUTO_INCREMENT=246 DEFAULT CHARSET=utf8mb4 COLLATE=utf8mb4_general_ci;
/*!40101 SET character_set_client = @saved_cs_client */;

--
-- Dumping data for table `profesores`
--

LOCK TABLES `profesores` WRITE;
/*!40000 ALTER TABLE `profesores` DISABLE KEYS */;
INSERT INTO `profesores` VALUES (1,'Alicia Santiago Santos','alicia@mixteco.utm.mx','alis',4,4,'Dra.',7,0),(2,'Armando Alcalá Vallejo','avallejo@mixteco.utm.mx','gdfgdf',4,4,'M.M.M.',7,0),(3,'Franco Barragán Mendoza','franco@mixteco.utm.mx','matemendoza',3,4,'Dr.',7,0),(4,'Luz Del Carmen Álvarez Marín','lalvarez@mixteco.utm.mx','hgf',4,4,'Dra.',7,0),(5,'Cuauhtémoc Héctor Castañeda Roldán','ccroldan@mixteco.utm.mx','bvb',4,4,'Dr.',7,0),(6,'Graciela Castro González','castro@mixteco.utm.mx','IFM-cb29',4,4,'M.C.',7,0),(7,'Juan Luis Hernández López','jlopez@mixteco.utm.mx','rewe',4,4,'M.C.',7,0),(8,'José Margarito Hernández Morales','jmhm@mixteco.utm.mx','bvccbc',4,4,'Dr.',7,0),(9,'Guillermo Arturo Lancho Romero','lanchoga@mixteco.utm.mx','gfgdf',4,4,'Dr.',7,0),(10,'Mario Lomeli Haro','mario.lomeli@gmail.com','n4lguit4n3gr4',4,14,'Dr.',7,0),(11,'Adolfo Maceda Méndez','admm@mixteco.utm.mx','tryr',4,4,'Dr.',7,0),(12,'Juan Carlos Mendoza Santos','jcsantos@mixteco.utm.mx','dfggdf',4,4,'Lic.',7,0),(13,'Alma Lidia Piceno Rivera','apiceno@mixteco.utm.mx','picenoa112020',4,4,'M.C.',7,0),(14,'Tirso Miguel Ángel Ramírez Solano','mramirez@mixteco.utm.mx','utmmtu',4,4,'M.C.',7,0),(15,'Silvia Reyes Mora','sreyes@mixteco.utm.mx','sindocouni',5,100,'Dra.',63,0),(16,'Salvador Sánchez Perales','ssanchez@mixteco.utm.mx','mjk48tj',4,14,'Dr.',7,0),(17,'Jesús Fernando Tenorio Arvide','jtenorio@mixteco.utm.mx','tenorio',2,4,'Dr.',7,0),(18,'Vulfrano Tochihuitl Bueno','vtochi@mixteco.utm.mx','ewqeq',4,4,'M.C.',7,0),(19,'Raúl Juárez Amaro','rjamaro@mixteco.utm.mx','vdkj',4,4,'Dr.',17,0),(20,'Ana Delia Olvera Cervantes','ana.olvera@mixteco.utm.mx','gfghwf',4,14,'M.C.',7,0),(21,'Jorge González García','jgonzal@mixteco.utm.mx','bgdtte',4,4,'Dr.',17,0),(22,'Salomón González Martínez','salomong@mixteco.utm.mx','gedvgd',4,4,'Dr.',17,0),(23,'Iván René Corrales Mendoza','icorrales@mixteco.utm.mx','gfssaw32',4,4,'Dr.',17,0),(24,'Maxvell Gustavo Jiménez Escamilla','maxvell@mixteco.utm.mx','potecx',3,4,'Dr.',17,0),(25,'Julián Javier Carmona Rodríguez','jcarmona@mixteco.utm.mx','rewvv',4,4,'Dr.',17,0),(26,'Hugo David Sánchez Chávez','hchavez@mixteco.utm.mx','hds100578',4,14,'Dr.',17,0),(27,'Angel S. Cruz Félix','sinue@mixteco.utm.mx','astrid07',4,4,'Dr.',17,0),(28,'Ricardo Rosas Rodríguez','rrosas@mixteco.utm.mx','czx',4,4,'Dr.',17,0),(29,'Verónica Borja Macías','vero0304@mixteco.utm.mx','piotzin2018',4,14,'Dra.',7,0),(30,'Jesús Alejandro Hernández Tello','alheran@mixteco.utm.mx','tonantzin',4,4,'Dr.',7,0),(31,'José del Carmen Jiménez Hernández','jcjim@mixteco.utm.mx','jimenez',4,14,'Dr.',7,0),(32,'Marisol López Cerino','marisol@mixteco.utm.mx','gjghjg',4,14,'Dra.',7,0),(33,'Armando Romero Morales','armando@mixteco.utm.mx','122191',4,4,'Dr.',7,0),(34,'Juan Ramón Tijerina González','ramon@mixteco.utm.mx','lupus68',4,4,'M.C.',7,0),(35,'José Luis Carrasco Pacheco','pacheco@mixteco.utm.mx','110274',4,4,'M.M.M.',7,0),(36,'Rafael Martínez Martínez','rafaelmtz@mixteco.utm.mx','rewjnde',4,4,'Dr.',17,0),(37,'Sergio Palafox Delgado','palafox@mixteco.utm.mx','tdg584230',4,14,'Dr.',7,0),(38,'Alejandro Iván Aguirre Salado','aleaguirre@mixteco.utm.mx','aias2016',4,14,'Dr.',7,0),(39,'Virgilio Vázquez Hipólito','virgilio@mixteco.utm.mx','limaviyuhaviv',4,14,'Dr.',7,0),(40,'Erik Germán Ramos Pérez','erikue@gmail.com','prueba',4,2,'M.T.C.A.',2,0),(41,'Octavio Alberto Agustín Aquino','octavioalberto@mixteco.utm.mx','octavioalberto',4,4,'Dr.',7,0),(42,'Moisés Emmanuel Ramírez Guzmán','merg@mixteco.utm.mx','moy',4,2,'M.T.C.A.',2,0),(43,'Raúl Cruz Barbosa','rcruz@mixteco.utm.mx','barbosa2017',4,2,'Dr.',2,0),(44,'Manuel Hernández Gutiérrez','manuelhg@mixteco.utm.mx','manuel',4,2,'Dr.',2,0),(45,'Moises Homero Sánchez López','moises@mixteco.utm.mx','Cluster2007',4,2,'Dr.',2,0),(46,'Everth Haydee Rocha Trejo','everth@mixteco.utm.mx','everth',4,2,'M.C.',2,0),(47,'David Martínez Torres','dtorres@mixteco.utm.mx','Mtz_Utm_Torres17',4,2,'Ing.',2,0),(48,'Luis Anselmo Zarza López','zarza@mixteco.utm.mx','gatoGatoGato',4,2,'M.C.',2,0),(49,'Mario Alberto Moreno Rocha','mmoreno@mixteco.utm.mx','moreno',1,2,'L.I.',2,0),(50,'Carlos Alberto Fernández  y Fernández','caff@mixteco.utm.mx','carlosaWxy',2,2,'Dr.',2,0),(51,'Verónica Rodríguez López','veromix@mixteco.utm.mx','dcCompu17',4,2,'Dra',2,0),(52,'Enrique Alejandro López López','alopez@mixteco.utm.mx','enrique',3,2,'M.C.',2,0),(53,'Gerardo Cruz González','gercruz@mixteco.utm.mx','gerardo',4,2,'M.C.',2,0),(54,'Jorge Arturo Hernández Perales','jahdezp@mixteco.utm.mx','jorge',4,2,'Ing.',2,0),(55,'Juan Juárez Fuentes','jjf@mixteco.utm.mx','juan',4,2,'M.C.',2,0),(56,'María Esperanza Pérez Cordoba Sánchez','mapercor@mixteco.utm.mx','UTMDat2018',4,2,'Lic.',2,0),(57,'Mónica Edith García García','mgarcia@mixteco.utm.mx','monica',4,2,'M.C.',2,0),(58,'Ricardo Ruiz Rodríguez','rruiz@mixteco.utm.mx','cubo36@UTM',4,2,'M.C.',2,0),(59,'Laura Catalina Torres Araujo','ltaraujo@mixteco.utm.mx','entrada',4,2,'MPSE',2,0),(60,'Hugo Enrique Martínez Cortés','hugoe@mixteco.utm.mx','hugo',4,2,'M.I.S.',2,0),(61,'Celia Bertha Reyes Espinoza','creyes@mixteco.utm.mx','celia91',4,2,'M.E.C.',2,0),(62,'Wendy Yaneth García Martínez','yaneth@mixteco.utm.mx','lombriz23',4,2,'Ing.',2,0),(63,'Liliana Eneida Sánchez Platas','liliana@mixteco.utm.mx','liliana',4,3,'Dra.',3,0),(64,'Fernando Iturbide Jiménez','iturbide@mixteco.utm.mx','fernando',4,3,'M.D.I.',3,0),(65,'Maria De La Luz Palacios Villavicencio','luzpavi@mixteco.utm.mx','Dir_Luz_2018',2,3,'Dra.',3,0),(66,'Eruvid Cortés Camacho','eruvid@mixteco.utm.mx','eruvid',4,3,'Ing.',3,0),(67,'Alejandra Velarde Galván','alevelar@mixteco.utm.mx','nenita95',4,3,'Dra.',3,0),(68,'Alfonso Acosta Romero','acosta@mixteco.utm.mx','alfonso',4,3,'D.C.G.',3,0),(69,'Jorge Vázquez  Sánchez','jvazquez@mixteco.utm.mx','jorge',4,3,'M.A.V.',3,0),(70,'Alejandro Alberto Bravo Guzmán','abravo@mixteco.utm.mx','alejandro',4,3,'M.A.V.',3,0),(71,'María del Rubí Olivos Contreras','rubi@mixteco.utm.mx','maria',4,3,'Maestría',3,0),(72,'Consuelo Jaqueline Estrada Bautista','jaesba@mixteco.utm.mx','consuelo',4,3,'D.G.',3,0),(73,'Oscar Díaz De León Sánchez','odiaz@mixteco.utm.mx','giselle08',4,3,'Ing.',3,0),(74,'Armando López Torres','altorres@mixteco.utm.mx','armando',4,3,'Ing.',3,0),(75,'Agustin Santiago Alvarado','santiago@mixteco.utm.mx','utm901710',4,100,'Dr.',50,0),(76,'Mario Márquez Miranda','mmarquez@mixteco.utm.mx','jefatura2014',4,13,'Dr.',11,0),(77,'Moisés Manzano Herrera','mmanzano@mixteco.utm.mx','savi7561',4,13,'M.C.',11,0),(78,'Ignacio Hernández Castillo','castillo@mixteco.utm.mx','2019INDUSTRIAL',4,13,'Dr.',11,0),(79,'Álvaro Jesús Mendoza Jasso','alvaromj@mixteco.utm.mx','alvarodireccion',2,13,'Dr.',11,0),(80,'Orquídea Sánchez López','orquidea@mixteco.utm.mx','0RQU1D34',4,13,'Dra.',11,0),(81,'Carlos Vázquez Cid De León','carlosvazquezc@mixteco.utm.mx','carlos',3,13,'Dr.',11,0),(82,'Elizabeth Duarte Beltrán','eduarte@mixteco.utm.mx','elizabeth',4,13,'Dra.',11,0),(83,'José Alfredo Carazo  Luna','alfredo@mixteco.utm.mx','Alfredo#01',4,13,'Dr.',11,0),(84,'Salvador Montesinos González','smontesinos@mixteco.utm.mx','1540',4,13,'Dr',11,0),(85,'Beatriz Hernández Carlos','bhcarlos@mixteco.utm.mx','dodis1500',3,8,'Dra.',36,0),(86,'Norma Francenia Santos Sánchez','nsantos@mixteco.utm.mx','Francenia-2017',2,8,'Dra.',6,0),(87,'Raúl Salas Coronado','rsalas@mixteco.utm.mx','raul',4,8,'Dr.',6,0),(88,'Rogelio Valadez Blanco','rvaladez@mixteco.utm.mx','RogeInv18',4,8,'Dr.',6,0),(89,'Edith Graciela González Mondragón','edith@mixteco.utm.mx','edith',4,8,'Dra.',6,0),(90,'Mirna Patricia Santiago Gómez','patsanmx@mixteco.utm.mx','mirna',4,8,'Dra.',6,0),(91,'Paula Cecilia Guadarrama Mendoza','pcgm@mixteco.utm.mx','paula',3,8,'Dra.',6,0),(92,'Vania Shuhua Robles González','vania@mixteco.utm.mx','vania',5,9,'Dr.',0,0),(93,'Alma Yadira Salazar Govea','almasalazar@mixteco.utm.mx','alma',4,8,'M. en C.',6,0),(94,'Luz Hermila Villalobos Delgado','vidluz@mixteco.utm.mx','walkers09',4,8,'Dra.',6,0),(95,'Enrique Lemus Fuentes','elf@mixteco.utm.mx','3nr1qu3',4,8,'Dr',6,0),(96,'Evaristo  Isac Velázquez Cruz','eisaac@mixteco.utm.mx','evaristo',4,8,'M.C.',6,0),(97,'Juana Ramírez Andrade','jramirez@mixteco.utm.mx','juana',4,8,'Q.F.B.',6,0),(98,'María Gricelda Bravo Villa','gris@mixteco.utm.mx','maria',4,8,'Q.F.B.',6,0),(99,'Saúl Martínez Ramírez','saulmr@mixteco.utm.mx','saul',4,9,'Dr.',NULL,0),(100,'Fidencio Sustaita Rivera','sustaita@mixteco.utm.mx','pao111',4,9,'Dr.',0,0),(101,'René Morales Luis','rmluis@mixteco.utm.mx','m0r4l35',4,9,'M.C.',NULL,0),(102,'Gabriela Álvarez Olguín','galvarez@mixteco.utm.mx','gabriela',4,9,'Dra.',NULL,0),(103,'Corina Cisneros Cisneros','cisneros@mixteco.utm.mx','corina',4,9,'M.C.',0,0),(104,'Vicencio Cuevas Mendoza','vcuevas@mixteco.utm.mx','vicencio',4,9,'Ing.',0,0),(105,'Brenda Iris Guadalupe Licona Morán','brenda@mixteco.utm.mx','brenda',2,9,'Ing.',NULL,0),(106,'Virginia Berrón Lara','berron@mixteco.utm.mx','virginia60',4,100,'Dra.',58,0),(107,'Olexandr Bondarchuk','alexbond@mixteco.utm.mx','alex15290',4,100,'Dr.',0,0),(108,'Irma Salinas Pérez','isalinas@mixteco.utm.mx','irma',4,100,'Dra.',50,0),(109,'José Aníbal Arias Aguilar','anibal@mixteco.utm.mx','jose',4,100,'Dr.',50,0),(110,'Ivan Antonio Garcia Pacheco','ivan@mixteco.utm.mx','Baltosito02',4,100,'Dr.',50,0),(111,'Carla Leninca Pacheco Agüero','leninca@mixteco.utm.mx','Borris01',4,100,'Dra.',58,0),(112,'Juan Carlos Duran Salazar','jcds@mixteco.utm.mx','juan',4,100,'M.D.E.',50,0),(113,'Domingo Salazar Mendoza','dsalazar@mixteco.utm.mx','totocaca96',4,8,'Dr.',6,0),(114,'Patricia Magaly Gallegos Acevedo','gallegos@mixteco.utm.mx','Mineria2018',5,10,'Dra.',0,0),(115,'Juan Manuel Espinoza Cuadra','juanespinoza@mixteco.utm.mx','28021966',4,10,'Dr.',0,0),(116,'Marcos Germán Corro Ortíz','corro@mixteco.utm.mx','marcos',4,10,'Ing.',NULL,0),(117,'Víctor Rodolfo Escalante Jarero','viresc@mixteco.utm.mx','anny66',4,5,'Dr.',5,0),(118,'Conrado Aguilar Cruz','conrado@mixteco.utm.mx','c0nr4d0',2,5,'Dr.',5,0),(119,'Mónica Teresa Espinosa Espíndola','monitte@mixteco.utm.mx','monica',4,5,'Dra.',5,0),(120,'Juan Arturo Vargas Santiago','jvargas@mixteco.utm.mx','94603091',4,5,'M.D.F.',5,0),(121,'Cecilia Ibarra Cantú','cantu@mixteco.utm.mx','cecila',4,5,'Dra.',5,0),(122,'Lilia Alejandra Flores Castillo','floresaly22@mixteco.utm.mx','lilia',4,5,'Dra.',5,0),(123,'Perseo Rosales Reyes','perseo@mixteco.utm.mx','perseo',4,5,'M.M.',5,0),(124,'Olivia Allende-Hernández','oallende@mixteco.utm.mx','oallende123',4,5,'Dra.',5,0),(125,'Maria Guadalupe Juana Noriega Gómez','gnoriega@mixteco.utm.mx','guadalupe',4,5,'M.A.',5,0),(126,'Iliana Herrera Arellano','iliana@mixteco.utm.mx','iliana',4,5,'Mtra.',5,0),(127,'Adriana Mejía Alcauter','alcauter@mixteco.utm.mx','sacrovir',4,5,'M.D.',5,0),(128,'Miguel Ángel Coronado Alcántara','corona@mixteco.utm.mx','NIkola2030',4,5,'M.S.C.E.F.',5,0),(129,'María De Jesús Pérez Álvarez','mjesus@mixteco.utm.mx','diferente13.',4,5,'C.P.',5,0),(130,'Yannet Paz Calderón','ypaz@mixteco.utm.mx','23julio_74',4,5,'Dra.',5,0),(131,'María Luisa Antonieta Guerrero Ramírez','grmary@mixteco.utm.mx','maria',4,5,'M.E.C.',5,0),(132,'Pablo Tamariz Domínguez','pabtamar@mixteco.utm.mx','Onroda',4,5,'Mtro.',5,0),(133,'Evelia Acevedo Villegas','evelia@mixteco.utm.mx','saudade',4,5,'M.D.',5,0),(134,'Ricardo García Jiménez','rgarcia@mixteco.utm.mx','ricardo',4,5,'Pots-Dr.',5,0),(135,'Martín Carlos Ramales Osorio','mramales@mixteco.utm.mx','martin',4,5,'MAPP, MA y MIEGR',5,0),(136,'Francisca Adriana Sánchez Meza','fadriana@mixteco.utm.mx','goyito',3,5,'Lic.',5,0),(137,'Martín Reyes García','mreyesg@mixteco.utm.mx','mmmm4',4,5,'M.A.N.',5,0),(138,'María Del Carmen Bartolo Moscosa','carmenb@mixteco.utm.mx','091012058',4,5,'M.A.E.',5,0),(139,'Enrique Guzmán Ramírez','eguzman@mixteco.utm.mx','danlui0408',4,1,'Dr.',4,0),(140,'Marco Antonio Contreras Ordaz','marco.contreras@mixteco.utm.mx','eycf@091030@',4,1,'Dr.',4,0),(141,'José Antonio Moreno Espinosa','jamoreno@mixteco.utm.mx','jamoreno',4,1,'M.S.R.C.',4,0),(142,'Esteban Osvaldo Guerrero Ramírez','eguerrero@mixteco.utm.mx','esteban',4,1,'Dr.',4,0),(143,'Felipe Santiago Espinosa','fsantiag@mixteco.utm.mx','temporal',2,1,'M.C.',4,0),(144,'Heriberto  Ildefonso Hernández Martínez','hhdez@mixteco.utm.mx','Chiv@S11',4,1,'M.E.D.I.',4,0),(145,'Alejandro Ernesto Ramírez González','ocetxim@mixteco.utm.mx','k0k4k0l1t4',4,1,'M.C.',4,0),(146,'Fermín Hugo Ramírez Leyva','hugo@mixteco.utm.mx','ferminhugo',4,1,'Dr.',4,0),(147,'Felipe de Jesús Rivera López','frivera@mixteco.utm.mx','FelipeRivera',4,1,'Dr.',4,0),(148,'Enrique Espinosa  Justo','ejusto@mixteco.utm.mx','e21e24j6',4,1,'M.D.S.',4,0),(149,'Edgardo Yescas Mendoza','yescas@mixteco.utm.mx','y3sc4s1975',3,1,'Dr.',4,0),(150,'Hugo Suárez Onofre','hsuarez@mixteco.utm.mx','hugo',4,1,'Ing.',4,0),(151,'Arturo Pablo Sandoval García','arturosg@mixteco.utm.mx','arturopsg',4,1,'M.C.',4,0),(152,'Jesús Linares Flores','jlinares@mixteco.utm.mx','jesus',4,1,'Dr.',14,0),(153,'Antonio Orantes Molina','tonito@mixteco.utm.mx','tonito',4,1,'Dr.',14,0),(154,'Carlos García Rodríguez','sofosmaster@mixteco.utm.mx','carlos',4,1,'Dr.',14,0),(155,'Manuel Arias Montiel','mam@mixteco.utm.mx','97300557',4,1,'Dr.',14,0),(156,'Rosebet Miranda Luna','rmiranda@mixteco.utm.mx','rosemilu',4,1,'Dr.',14,0),(157,'Alberto Antonio  García','antoniog@mixteco.utm.mx','alberto',4,1,'Dr.',14,0),(158,'Jorge Luis Barahona Avalos','jbarahona@mixteco.utm.mx','#jicara23#',4,1,'Dr.',14,0),(159,'Richard Jacinto Marquez Contreras','rmarquez@mixteco.utm.mx','Z6564',4,1,'Dr.',14,0),(160,'Laura Marquez De Santis','lauramar@mixteco.utm.mx','laura',4,1,'Dra.',14,0),(161,'Víctor Manuel Cruz Martínez','vmcruzm@mixteco.utm.mx','3lados=990',3,13,'M.C.',31,0),(162,'Dulce María Clemente Guerrero','dulce@mixteco.utm.mx','dulce',4,3,'M.T.A.M.',3,0),(163,'Armando Rosas González','arosas@mixteco.utm.mx','armando',4,3,'M.T.A.M.',3,0),(164,'Emmanuel Abdías Romano Castillo','aromano@mixteco.utm.mx','emmanuel',4,14,'Dr.',7,0),(165,'Esther Lugo González','elugog@mixteco.utm.mx','elgy1057',3,1,'Dra.',14,0),(166,'Arturo Tellez Velázquez','atellezv@mixteco.utm.mx','crT75Vtr',4,2,'Dr.',2,1),(167,'José Antonio Juárez Abad','abad@mixteco.utm.mx','abad0204$',4,1,'Dr.',4,0),(168,'Jesús Godofredo López Luna','jesuslopezluna@mixteco.utm.mx','jesus',4,5,'Dr.',5,0),(169,'Martha Angélica Ruíz González','martharuiz@mixteco.utm.mx','martha',4,5,'M.A.N.',5,0),(170,'Ignacio Castellanos Balderas','cabi@mixteco.utm.mx','Nachitron1981',4,5,'Mtro.',5,0),(171,'Guillermo Juárez López','gjuarezl@mixteco.utm.mx','julg620625',4,11,'Dr.',12,0),(172,'Josefina Calvo Cortés','jcalvo@mixteco.utm.mx','josefina',4,5,'M.A.',5,0),(173,'Laura Trujillo Soberanes','ltrujillo@mixteco.utm.mx','laura',4,5,'M.I.',5,0),(174,'Carlos Alberto Peral Cisneros','carlos.peral@mixteco.utm.mx','C4rlos-p',4,3,'M.F.',3,0),(175,'Ivonne Maya Espinoza','maya@mixteco.utm.mx','ivonne',4,5,'Dra.',5,0),(176,'Itzcóatl Bolaños Gómez','itzco80@mixteco.utm.mx','itzcomac2018',3,3,'M.A.C.',3,0),(177,'Ludmila Elisa Guzmán Pantoja','ludmila@mixteco.utm.mx',NULL,4,8,'Dra.',6,0),(178,'José Rodríguez Lázaro','jose@mixteco.utm.mx','jorola',4,3,'Dr.',3,0),(179,'María del Rosario Barradas Martínez','rosario@mixteco.utm.mx','barradas0810',4,5,'Dra.',5,0),(180,'Eduardo Sánchez Soto','esanchez@mixteco.utm.mx','rennes@123',4,2,'Dr.',2,0),(181,'José Gabriel Mendoza Larios','jgml@mixteco.utm.mx','larios',4,13,'Dr.',31,0),(182,'Thalia Isolda Ramírez Reyes','thaliarr@mixteco.utm.mx','thaliarr',4,100,'Dra.',59,1),(183,'Edgar Guevara Avendaño','edkarguevaraa@gmail.com','edkarguevaraa',4,100,'Dr.',59,4),(184,'Ricardo Tapia Herrera','rtapia@mixteco.utm.mx','rtapia',4,100,'Dr.',61,1),(185,'Yoshaira Soledad Alexandres Carrizosa','yoshi@mixteco.utm.mx','Yoshagosto2019',4,5,'M.A.',5,0),(186,'Ignacio Arroyo Fernández','iaf@mixteco.utm.mx','anonimo2020-A',4,100,'Dr.',62,0),(187,'Beatriz Alejandra Orduña Muñoz','anonimo@empresariales','anonimo',4,5,'M.A.N.',5,0),(188,'José Antonio García Hernández','josegahez@mixteco.utm.mx','jose',4,2,'M.C.',2,0),(189,'Héctor Gerardo Campos Silva','hcampos@mixteco.utm.mx','campos2020',3,3,'Dr.',32,0),(190,'Jesús Díaz Reyes','jesusdiaz@mixteco.utm.mx','jesus',4,4,'Dr.',7,4),(191,'Christian Eduardo Millán Hernández','cmillanh@mixteco.utm.mx','millan032020',4,2,'Dr.',2,0),(192,'Avith del Refugio Mendoza Ponce','avith@mixteco.utm.mx','avith112020',4,10,'Dra.',NULL,0),(193,'Iván Alberto Guillen Cancino','iguillenc@mixteco.utm.mx','guillenmeca',4,1,'Dr.',14,0),(194,'Alexis Vázquez Villa','avazquez@mixteco.utm.mx','alexis',4,4,'Dr.',17,0),(195,'Eduardo Barredo Hernández','eduardin@mixteco.utm.mx','eduardo',4,13,'Dr.',31,0),(196,'Arturo Hernández Méndez','arturohm54@mixteco.utm.mx','aleja1508',4,13,'Dr.',31,0),(197,'Víctor Hugo Castellanos García','victorhugo@mixteco.utm.mx','CACHORRO12399',4,3,'Mtro.',3,0),(198,'Gabriel Gerónimo Castillo','gcgero@mixteco.utm.mx',NULL,4,2,'M.C.',2,0),(199,'Tomás Pérez Becerra','tomas@mixteco.utm.mx','Tomas@2064',5,14,'Dr.',7,0),(200,'José Eduardo Cruz Mayo','eduardomayo@mixteco.utm.mx',NULL,4,13,'Ing.',31,0),(201,'Oscar David Ramìrez Càrdenas','odramirez@mixteco.utm.mx','oscar',4,100,'Dr.',61,0),(202,'Jorge Arellano Hernàndez','jarellano@mixteco.utm.mx',NULL,4,4,'Dr.',7,3),(203,'Cenobio Yescas Aparicio','cenobio@mixteco.utm.mx','x',4,4,'Dr.',7,3),(204,'María del Carmen López Bautista','maria.lopez@mixteco.utm.mx',NULL,4,100,'Dra.',55,3),(205,'Héctor Manuel Arreaga González','arreagahm@mixteco.utm.mx',NULL,4,8,'Dr.',6,0),(206,'José Juan Nicanor Méndez','josejuan@mixteco.utm.mx',NULL,4,100,'Dr.',52,3),(207,'Mirna Denisse Barreiro Argüelles','mdbarreiro@mixteco.utm.mx','2022',4,4,'Dra.',17,0),(208,'Mario Zaragoza','marioz@mixteco.utm.mx','x',10,1,'MESOIA.',4,10),(209,'Tania Martinez Manzo','taniam@mixteco.utm.mx','x',10,1,'MESOIA.',4,10),(210,'Juan Javier Montesinos Garcìa','jmontesinos@mixteco.utm.mx','Javier12',4,1,'Dr.',14,0),(211,'Luis Vázquez Sánchez','luisvazquez@mixteco.utm.mx','x',4,1,'Dr.',14,3),(212,'Luis Eduardo Angoa Caballero','angoaprovis@mixteco.utm.mx','Vale_2208',4,5,'Mtro.',5,0),(213,'María Yesica Espinosa Cerón','yceron@mixteco.utm.mx','2022',4,4,'Dra.',17,0),(214,'Saúl Solorio Fernández','solorio@mixteco.utm.mx','2022',4,4,'Dr.',7,0),(215,'Rafael Aguilar Alderete','raguilaralderete@mixteco.utm.mx','x',4,4,'Dr.',17,0),(216,'José Alfredo Soto Álvarez','jose.alfredo@mixteco.utm.mx','jose',4,4,'Dr.',17,0),(217,'Jetzael Gustavo Barragán Chávez','jbarragan@mixteco.utm.mx','2022',4,3,'Mtro.',32,0),(218,'Elfego Villalba Cruz','elfego@mixteco.utm.mx',NULL,4,3,'Dr.',32,0),(219,'Romeo García Báez','romeo.garcia@mixteco.utm.mx',NULL,4,5,'Mtro.',5,0),(220,'Galdino Cardenal Santos Reyes','galdino.cardel@mixteco.utm.mx','galdino',4,13,'Dr.',31,0),(221,'David Bedolla Martínez','dbedolla@mixteco.utm.mx',NULL,4,13,'Mtro.',31,0),(222,'Mario Enrique Herrera Cordero','marcor@mixteco.utm.mx','mario',4,1,'Ing.',14,0),(223,'Pedro Alberto Antonio Soto','pedroantonio@mixteco.utm.mx','x',4,14,'Dr.',7,0),(224,'Juan Montes Pérez','juanmp@mixteco.utm.mx','x',4,4,'Dr.',17,0),(225,'Enrique Valdés Pliego','plaza@mixteco.utm.mx','x',4,5,'Mtro.',5,0),(226,'Ulises Ramírez Meza','ulisesrmeza@mixteco.utm.mx','x',4,4,'Dr.',17,0),(227,'Miguel Alberto Domínguez Gurría','madg@mixteco.utm.mx','Dguezg2401',4,100,'Dr.',50,0),(228,'Carlos Alberto Martínez Sandoval','carlosmtz@mixteco.utm.mx','G1324a31g1324a31',4,2,'Ing.',2,0),(229,'Rafael Adrian García García','rafagarcia@mixteco.utm.mx','x',4,1,'Ing.',14,0),(230,'Araceli Hernández Jiménez','aracelihj@mixteco.utm.mx','x',4,5,'Dra.',5,0),(231,'Onésimo Chavez López','ochavez@mixteco.utm.mx','x',4,5,'Dr.',5,0),(232,'Leyver Ponce Ruiz','ponce@mixteco.utm.mx','x',4,5,'Dr.',5,0),(233,'Romer Daniel Oyola Guzmán','oyola_romer@mixteco.utm.mx','x',4,3,'Dr.',32,0),(234,'Ulises Pérez Salmorán','ulisesps@mixteco.utm.mx','x',4,5,'Mtro.',5,0),(235,'Mónica Leticia Mejía Ramírez','monicamejia@mixteco.utm.mx',NULL,4,5,'Mtra.',5,0),(236,'Rebeca Hernández','rebecahdz@mixteco.utm.mx',NULL,4,5,'Mtra.',5,0),(237,'Profesor 1 Empresariales','profesor1empresariales@mixteco.utm.mx','x',4,5,'Dr.',5,0),(238,'Mónica Morales Jiménez','mmoralesj@mixteco.utm.mx','x',4,8,'Dra.',6,6),(239,'Guyelmo García Santiago','guyelmo_gs@mixteco.utm.mx','x',4,3,'Mtro.',32,6),(240,'Pamela Bibiana Márquez Arellano','pamelamqz@mixteco.utm.mx','x',4,3,'Mtra.',32,5),(241,'Eliezer Luna Rivera','Eliezer@mixteco.utm.mx','x',4,3,'Arq.',32,5),(242,'María de Jesús Martínez López','mmartinez@mixteco.utm.mx','x',4,4,'Dra.',17,6),(243,'Enrique Reyes Arzola','enriquereyesarzola@mixteco.utm.mx','x',4,13,'Mtro.',11,6),(244,'Claudia Janette Urbano López','claudiaurbano@mixteco.utm.mx','x',4,5,'Mtra.',5,5),(245,'Rocío Martínez González','rosmag@mixteco.utm.mx','x',4,5,'C.P.',5,5);
/*!40000 ALTER TABLE `profesores` ENABLE KEYS */;
UNLOCK TABLES;

--
-- Table structure for table `profesoryarticulo`
--

DROP TABLE IF EXISTS `profesoryarticulo`;
/*!40101 SET @saved_cs_client     = @@character_set_client */;
/*!50503 SET character_set_client = utf8mb4 */;
CREATE TABLE `profesoryarticulo` (
  `id` int(11) NOT NULL AUTO_INCREMENT,
  `correo` varchar(100) NOT NULL,
  `numero` bigint(11) NOT NULL,
  `pos` int(11) NOT NULL DEFAULT 1,
  `validado` tinyint(4) NOT NULL DEFAULT 1,
  PRIMARY KEY (`id`)
) ENGINE=InnoDB AUTO_INCREMENT=101 DEFAULT CHARSET=utf8mb4 COLLATE=utf8mb4_general_ci;
/*!40101 SET character_set_client = @saved_cs_client */;

--
-- Dumping data for table `profesoryarticulo`
--

LOCK TABLES `profesoryarticulo` WRITE;
/*!40000 ALTER TABLE `profesoryarticulo` DISABLE KEYS */;
INSERT INTO `profesoryarticulo` VALUES (1,'fsantiag@mixteco.utm.mx',30,2,1),(2,'claudiaurbano@mixteco.utm.mx',41,1,1),(3,'eduarte@mixteco.utm.mx',13,5,1),(4,'monitte@mixteco.utm.mx',69,4,0),(5,'fadriana@mixteco.utm.mx',91,2,0),(6,'ltaraujo@mixteco.utm.mx',92,2,0),(7,'ypaz@mixteco.utm.mx',42,4,1),(8,'rafagarcia@mixteco.utm.mx',16,3,1),(9,'alopez@mixteco.utm.mx',40,5,1),(10,'tonito@mixteco.utm.mx',72,4,0),(11,'vcuevas@mixteco.utm.mx',11,2,1),(12,'juanespinoza@mixteco.utm.mx',96,3,1),(13,'Eliezer@mixteco.utm.mx',60,5,0),(14,'jesuslopezluna@mixteco.utm.mx',85,1,1),(15,'abad@mixteco.utm.mx',90,1,0),(16,'caff@mixteco.utm.mx',80,1,0),(17,'gjuarezl@mixteco.utm.mx',45,2,1),(18,'tonito@mixteco.utm.mx',20,2,0),(19,'apiceno@mixteco.utm.mx',42,4,0),(20,'grmary@mixteco.utm.mx',5,3,0),(21,'rrosas@mixteco.utm.mx',11,2,0),(22,'bhcarlos@mixteco.utm.mx',46,2,1),(23,'jvargas@mixteco.utm.mx',5,5,0),(24,'taniam@mixteco.utm.mx',27,3,1),(25,'pcgm@mixteco.utm.mx',82,5,0),(26,'iturbide@mixteco.utm.mx',49,4,0),(27,'rgarcia@mixteco.utm.mx',48,3,1),(28,'alexbond@mixteco.utm.mx',53,3,0),(29,'arturosg@mixteco.utm.mx',72,2,0),(30,'yescas@mixteco.utm.mx',68,5,1),(31,'berron@mixteco.utm.mx',94,1,1),(32,'fadriana@mixteco.utm.mx',66,2,0),(33,'carlos.peral@mixteco.utm.mx',88,3,0),(34,'marcor@mixteco.utm.mx',3,2,1),(35,'iturbide@mixteco.utm.mx',86,2,0),(36,'carmenb@mixteco.utm.mx',18,1,0),(37,'mramales@mixteco.utm.mx',11,4,1),(38,'dbedolla@mixteco.utm.mx',60,2,0),(39,'hcampos@mixteco.utm.mx',38,2,0),(40,'pamelamqz@mixteco.utm.mx',28,3,1),(41,'oyola_romer@mixteco.utm.mx',19,3,1),(42,'josegahez@mixteco.utm.mx',77,2,1),(43,'ponce@mixteco.utm.mx',58,4,1),(44,'jose@mixteco.utm.mx',35,2,1),(45,'armando@mixteco.utm.mx',44,4,1),(46,'pacheco@mixteco.utm.mx',57,4,0),(47,'viresc@mixteco.utm.mx',13,1,0),(48,'lalvarez@mixteco.utm.mx',51,3,0),(49,'leninca@mixteco.utm.mx',87,4,0),(50,'castillo@mixteco.utm.mx',50,2,0),(51,'ulisesps@mixteco.utm.mx',37,4,1),(52,'jcsantos@mixteco.utm.mx',70,4,0),(53,'cisneros@mixteco.utm.mx',78,2,1),(54,'corona@mixteco.utm.mx',17,4,1),(55,'mmanzano@mixteco.utm.mx',42,5,1),(56,'jgml@mixteco.utm.mx',87,5,0),(57,'hchavez@mixteco.utm.mx',86,4,0),(58,'jcarmona@mixteco.utm.mx',44,5,0),(59,'solorio@mixteco.utm.mx',54,4,1),(60,'ssanchez@mixteco.utm.mx',52,3,1),(61,'marioz@mixteco.utm.mx',27,4,0),(62,'alvaromj@mixteco.utm.mx',18,3,1),(63,'tonito@mixteco.utm.mx',94,2,0),(64,'mmarquez@mixteco.utm.mx',58,1,1),(65,'cmillanh@mixteco.utm.mx',5,4,1),(66,'sreyes@mixteco.utm.mx',91,3,1),(67,'apiceno@mixteco.utm.mx',4,4,0),(68,'leninca@mixteco.utm.mx',85,4,0),(69,'alheran@mixteco.utm.mx',13,3,1),(70,'zarza@mixteco.utm.mx',65,4,0),(71,'vtochi@mixteco.utm.mx',87,3,1),(72,'gris@mixteco.utm.mx',38,1,0),(73,'anonimo@empresariales',32,4,0),(74,'eisaac@mixteco.utm.mx',2,5,0),(75,'cabi@mixteco.utm.mx',33,5,1),(76,'ludmila@mixteco.utm.mx',47,4,1),(77,'mmoreno@mixteco.utm.mx',63,2,0),(78,'abravo@mixteco.utm.mx',4,2,1),(79,'jcds@mixteco.utm.mx',5,2,1),(80,'galvarez@mixteco.utm.mx',86,4,1),(81,'rafaelmtz@mixteco.utm.mx',37,3,0),(82,'mmanzano@mixteco.utm.mx',73,5,0),(83,'jose@mixteco.utm.mx',69,3,0),(84,'anibal@mixteco.utm.mx',34,4,1),(85,'rubi@mixteco.utm.mx',80,4,0),(86,'smontesinos@mixteco.utm.mx',20,2,1),(87,'jcsantos@mixteco.utm.mx',67,4,0),(88,'jamoreno@mixteco.utm.mx',3,4,1),(89,'mmoreno@mixteco.utm.mx',78,5,0),(90,'carlosvazquezc@mixteco.utm.mx',52,2,0),(91,'rebecahdz@mixteco.utm.mx',75,4,0),(92,'jcds@mixteco.utm.mx',21,3,0),(93,'arturohm54@mixteco.utm.mx',61,4,0),(94,'mmoralesj@mixteco.utm.mx',3,2,0),(95,'yoshi@mixteco.utm.mx',21,4,0),(96,'jahdezp@mixteco.utm.mx',61,4,1),(97,'eruvid@mixteco.utm.mx',83,4,1),(98,'jjf@mixteco.utm.mx',45,4,1),(99,'cantu@mixteco.utm.mx',68,2,1),(100,'anibal@mixteco.utm.mx',38,4,0);
/*!40000 ALTER TABLE `profesoryarticulo` ENABLE KEYS */;
UNLOCK TABLES;

--
-- Table structure for table `profesorycomision`
--

DROP TABLE IF EXISTS `profesorycomision`;
/*!40101 SET @saved_cs_client     = @@character_set_client */;
/*!50503 SET character_set_client = utf8mb4 */;
CREATE TABLE `profesorycomision` (
  `id` bigint(20) NOT NULL AUTO_INCREMENT,
  `correoProfesor` text NOT NULL,
  `idComision` bigint(20) NOT NULL,
  `pos` int(11) NOT NULL,
  `final` date DEFAULT NULL,
  `comprobante` text NOT NULL,
  PRIMARY KEY (`id`),
  KEY `idComision` (`idComision`),
  CONSTRAINT `profesorycomision_ibfk_1` FOREIGN KEY (`idComision`) REFERENCES `comision` (`id`)
) ENGINE=InnoDB AUTO_INCREMENT=20180807185506 DEFAULT CHARSET=utf8mb4 COLLATE=utf8mb4_general_ci;
/*!40101 SET character_set_client = @saved_cs_client */;

--
-- Dumping data for table `profesorycomision`
--

LOCK TABLES `profesorycomision` WRITE;
/*!40000 ALTER TABLE `profesorycomision` DISABLE KEYS */;
INSERT INTO `profesorycomision` VALUES (1,'alopez@mixteco.utm.mx',23,1,NULL,'alopez@mixteco.utm.mx.pdf'),(2,'rafaelmtz@mixteco.utm.mx',30,1,NULL,'rafaelmtz@mixteco.utm.mx.pdf'),(3,'corro@mixteco.utm.mx',60,2,NULL,'corro@mixteco.utm.mx.pdf'),(4,'carlosmtz@mixteco.utm.mx',26,1,NULL,'carlosmtz@mixteco.utm.mx.pdf'),(5,'jgonzal@mixteco.utm.mx',95,2,NULL,'jgonzal@mixteco.utm.mx.pdf'),(6,'luzpavi@mixteco.utm.mx',76,1,NULL,'luzpavi@mixteco.utm.mx.pdf'),(7,'jarellano@mixteco.utm.mx',37,2,NULL,'jarellano@mixteco.utm.mx.pdf'),(8,'jlopez@mixteco.utm.mx',70,1,NULL,'jlopez@mixteco.utm.mx.pdf'),(9,'jarellano@mixteco.utm.mx',60,1,NULL,'jarellano@mixteco.utm.mx.pdf'),(10,'dbedolla@mixteco.utm.mx',39,2,NULL,'dbedolla@mixteco.utm.mx.pdf'),(11,'ochavez@mixteco.utm.mx',99,2,NULL,'ochavez@mixteco.utm.mx.pdf'),(12,'hugoe@mixteco.utm.mx',30,2,NULL,'hugoe@mixteco.utm.mx.pdf'),(13,'ivan@mixteco.utm.mx',92,2,NULL,'ivan@mixteco.utm.mx.pdf'),(14,'rruiz@mixteco.utm.mx',89,2,NULL,'rruiz@mixteco.utm.mx.pdf'),(15,'abravo@mixteco.utm.mx',40,1,NULL,'abravo@mixteco.utm.mx.pdf'),(16,'liliana@mixteco.utm.mx',75,2,NULL,'liliana@mixteco.utm.mx.pdf'),(17,'conrado@mixteco.utm.mx',83,2,NULL,'conrado@mixteco.utm.mx.pdf'),(18,'marcor@mixteco.utm.mx',13,1,NULL,'marcor@mixteco.utm.mx.pdf'),(19,'rosmag@mixteco.utm.mx',88,2,NULL,'rosmag@mixteco.utm.mx.pdf'),(20,'lauramar@mixteco.utm.mx',36,1,NULL,'lauramar@mixteco.utm.mx.pdf'),(21,'erikue@gmail.com',30,1,NULL,'erikue@gmail.com.pdf'),(22,'hsuarez@mixteco.utm.mx',7,2,NULL,'hsuarez@mixteco.utm.mx.pdf'),(23,'madg@mixteco.utm.mx',81,2,NULL,'madg@mixteco.utm.mx.pdf'),(24,'rosmag@mixteco.utm.mx',25,2,NULL,'rosmag@mixteco.utm.mx.pdf'),(25,'jgonzal@mixteco.utm.mx',94,1,NULL,'jgonzal@mixteco.utm.mx.pdf'),(26,'ivan@mixteco.utm.mx',22,2,NULL,'ivan@mixteco.utm.mx.pdf'),(27,'marioz@mixteco.utm.mx',69,1,NULL,'marioz@mixteco.utm.mx.pdf'),(28,'jvazquez@mixteco.utm.mx',99,2,NULL,'jvazquez@mixteco.utm.mx.pdf'),(29,'ltrujillo@mixteco.utm.mx',53,1,NULL,'ltrujillo@mixteco.utm.mx.pdf'),(30,'nsantos@mixteco.utm.mx',99,1,NULL,'nsantos@mixteco.utm.mx.pdf'),(31,'jamoreno@mixteco.utm.mx',34,2,NULL,'jamoreno@mixteco.utm.mx.pdf'),(32,'vidluz@mixteco.utm.mx',69,1,NULL,'vidluz@mixteco.utm.mx.pdf'),(33,'jcsantos@mixteco.utm.mx',92,1,NULL,'jcsantos@mixteco.utm.mx.pdf'),(34,'maxvell@mixteco.utm.mx',78,1,NULL,'maxvell@mixteco.utm.mx.pdf'),(35,'aleaguirre@mixteco.utm.mx',64,2,NULL,'aleaguirre@mixteco.utm.mx.pdf'),(36,'merg@mixteco.utm.mx',94,2,NULL,'merg@mixteco.utm.mx.pdf'),(37,'corro@mixteco.utm.mx',69,2,NULL,'corro@mixteco.utm.mx.pdf'),(38,'edith@mixteco.utm.mx',90,1,NULL,'edith@mixteco.utm.mx.pdf'),(39,'sustaita@mixteco.utm.mx',17,2,NULL,'sustaita@mixteco.utm.mx.pdf'),(40,'rafaelmtz@mixteco.utm.mx',36,1,NULL,'rafaelmtz@mixteco.utm.mx.pdf'),(41,'aracelihj@mixteco.utm.mx',63,1,NULL,'aracelihj@mixteco.utm.mx.pdf'),(42,'mapercor@mixteco.utm.mx',38,1,NULL,'mapercor@mixteco.utm.mx.pdf'),(43,'mam@mixteco.utm.mx',76,2,NULL,'mam@mixteco.utm.mx.pdf'),(44,'ana.olvera@mixteco.utm.mx',62,2,NULL,'ana.olvera@mixteco.utm.mx.pdf'),(45,'mramales@mixteco.utm.mx',64,2,NULL,'mramales@mixteco.utm.mx.pdf'),(46,'rjamaro@mixteco.utm.mx',32,2,NULL,'rjamaro@mixteco.utm.mx.pdf'),(47,'yoshi@mixteco.utm.mx',70,1,NULL,'yoshi@mixteco.utm.mx.pdf'),(48,'plaza@mixteco.utm.mx',81,1,NULL,'plaza@mixteco.utm.mx.pdf'),(49,'jcjim@mixteco.utm.mx',72,2,NULL,'jcjim@mixteco.utm.mx.pdf'),(50,'castro@mixteco.utm.mx',55,1,NULL,'castro@mixteco.utm.mx.pdf'),(51,'ana.olvera@mixteco.utm.mx',71,2,NULL,'ana.olvera@mixteco.utm.mx.pdf'),(52,'mgarcia@mixteco.utm.mx',3,1,NULL,'mgarcia@mixteco.utm.mx.pdf'),(53,'santiago@mixteco.utm.mx',61,1,NULL,'santiago@mixteco.utm.mx.pdf'),(54,'yaneth@mixteco.utm.mx',90,1,NULL,'yaneth@mixteco.utm.mx.pdf'),(55,'avazquez@mixteco.utm.mx',78,1,NULL,'avazquez@mixteco.utm.mx.pdf'),(56,'nsantos@mixteco.utm.mx',21,2,NULL,'nsantos@mixteco.utm.mx.pdf'),(57,'vtochi@mixteco.utm.mx',86,2,NULL,'vtochi@mixteco.utm.mx.pdf'),(58,'jlinares@mixteco.utm.mx',83,1,NULL,'jlinares@mixteco.utm.mx.pdf'),(59,'jcds@mixteco.utm.mx',80,1,NULL,'jcds@mixteco.utm.mx.pdf'),(60,'ivan@mixteco.utm.mx',80,1,NULL,'ivan@mixteco.utm.mx.pdf'),(61,'alheran@mixteco.utm.mx',15,1,NULL,'alheran@mixteco.utm.mx.pdf'),(62,'avallejo@mixteco.utm.mx',62,2,NULL,'avallejo@mixteco.utm.mx.pdf'),(63,'castro@mixteco.utm.mx',26,2,NULL,'castro@mixteco.utm.mx.pdf'),(64,'erikue@gmail.com',50,2,NULL,'erikue@gmail.com.pdf'),(65,'dsalazar@mixteco.utm.mx',96,2,NULL,'dsalazar@mixteco.utm.mx.pdf'),(66,'eguzman@mixteco.utm.mx',58,1,NULL,'eguzman@mixteco.utm.mx.pdf'),(67,'ulisesps@mixteco.utm.mx',99,1,NULL,'ulisesps@mixteco.utm.mx.pdf'),(68,'monitte@mixteco.utm.mx',69,2,NULL,'monitte@mixteco.utm.mx.pdf'),(69,'vero0304@mixteco.utm.mx',20,1,NULL,'vero0304@mixteco.utm.mx.pdf'),(70,'edkarguevaraa@gmail.com',64,2,NULL,'edkarguevaraa@gmail.com.pdf'),(71,'gnoriega@mixteco.utm.mx',3,1,NULL,'gnoriega@mixteco.utm.mx.pdf'),(72,'mgarcia@mixteco.utm.mx',18,1,NULL,'mgarcia@mixteco.utm.mx.pdf'),(73,'yoshi@mixteco.utm.mx',40,2,NULL,'yoshi@mixteco.utm.mx.pdf'),(74,'rmiranda@mixteco.utm.mx',12,1,NULL,'rmiranda@mixteco.utm.mx.pdf'),(75,'rmiranda@mixteco.utm.mx',13,2,NULL,'rmiranda@mixteco.utm.mx.pdf'),(76,'ulisesps@mixteco.utm.mx',52,1,NULL,'ulisesps@mixteco.utm.mx.pdf'),(77,'rsalas@mixteco.utm.mx',94,1,NULL,'rsalas@mixteco.utm.mx.pdf'),(78,'plaza@mixteco.utm.mx',89,2,NULL,'plaza@mixteco.utm.mx.pdf'),(79,'rmluis@mixteco.utm.mx',6,2,NULL,'rmluis@mixteco.utm.mx.pdf'),(80,'romeo.garcia@mixteco.utm.mx',74,1,NULL,'romeo.garcia@mixteco.utm.mx.pdf'),(81,'anonimo@empresariales',92,2,NULL,'anonimo@empresariales.pdf'),(82,'rebecahdz@mixteco.utm.mx',95,1,NULL,'rebecahdz@mixteco.utm.mx.pdf'),(83,'rosmag@mixteco.utm.mx',22,1,NULL,'rosmag@mixteco.utm.mx.pdf'),(84,'lauramar@mixteco.utm.mx',31,2,NULL,'lauramar@mixteco.utm.mx.pdf'),(85,'virgilio@mixteco.utm.mx',9,1,NULL,'virgilio@mixteco.utm.mx.pdf'),(86,'sofosmaster@mixteco.utm.mx',47,2,NULL,'sofosmaster@mixteco.utm.mx.pdf'),(87,'palafox@mixteco.utm.mx',72,2,NULL,'palafox@mixteco.utm.mx.pdf'),(88,'ulisesrmeza@mixteco.utm.mx',28,2,NULL,'ulisesrmeza@mixteco.utm.mx.pdf'),(89,'armando@mixteco.utm.mx',58,2,NULL,'armando@mixteco.utm.mx.pdf'),(90,'gercruz@mixteco.utm.mx',45,2,NULL,'gercruz@mixteco.utm.mx.pdf'),(91,'maria.lopez@mixteco.utm.mx',43,1,NULL,'maria.lopez@mixteco.utm.mx.pdf'),(92,'pedroantonio@mixteco.utm.mx',44,2,NULL,'pedroantonio@mixteco.utm.mx.pdf'),(93,'virgilio@mixteco.utm.mx',35,1,NULL,'virgilio@mixteco.utm.mx.pdf'),(94,'abravo@mixteco.utm.mx',39,2,NULL,'abravo@mixteco.utm.mx.pdf'),(95,'iguillenc@mixteco.utm.mx',93,1,NULL,'iguillenc@mixteco.utm.mx.pdf'),(96,'juanespinoza@mixteco.utm.mx',54,2,NULL,'juanespinoza@mixteco.utm.mx.pdf'),(97,'galvarez@mixteco.utm.mx',72,2,NULL,'galvarez@mixteco.utm.mx.pdf'),(98,'cantu@mixteco.utm.mx',6,2,NULL,'cantu@mixteco.utm.mx.pdf'),(99,'elf@mixteco.utm.mx',62,1,NULL,'elf@mixteco.utm.mx.pdf'),(100,'madg@mixteco.utm.mx',35,1,NULL,'madg@mixteco.utm.mx.pdf');
/*!40000 ALTER TABLE `profesorycomision` ENABLE KEYS */;
UNLOCK TABLES;

--
-- Table structure for table `profesorymateria`
--

DROP TABLE IF EXISTS `profesorymateria`;
/*!40101 SET @saved_cs_client     = @@character_set_client */;
/*!50503 SET character_set_client = utf8mb4 */;
CREATE TABLE `profesorymateria` (
  `id` int(11) NOT NULL AUTO_INCREMENT,
  `profesor` text NOT NULL,
  `idMateria` bigint(20) NOT NULL,
  `grupo` int(11) NOT NULL,
  `anyo` int(11) NOT NULL,
  `nombrePeriodo` text NOT NULL,
  PRIMARY KEY (`id`),
  KEY `idMateria` (`idMateria`),
  CONSTRAINT `profesorymateria_ibfk_1` FOREIGN KEY (`idMateria`) REFERENCES `materias` (`id`)
) ENGINE=InnoDB AUTO_INCREMENT=101 DEFAULT CHARSET=utf8mb4 COLLATE=utf8mb4_general_ci;
/*!40101 SET character_set_client = @saved_cs_client */;

--
-- Dumping data for table `profesorymateria`
--

LOCK TABLES `profesorymateria` WRITE;
/*!40000 ALTER TABLE `profesorymateria` DISABLE KEYS */;
INSERT INTO `profesorymateria` VALUES (1,'galdino.cardel@mixteco.utm.mx',37,0,2023,'B'),(2,'iguillenc@mixteco.utm.mx',45,1,2024,'B'),(3,'tomas@mixteco.utm.mx',16,1,2023,'B'),(4,'everth@mixteco.utm.mx',4,0,2024,'B'),(5,'gjuarezl@mixteco.utm.mx',24,0,2024,'VERANO'),(6,'dbedolla@mixteco.utm.mx',2,0,2023,'VERANO'),(7,'hugoe@mixteco.utm.mx',46,0,2024,'B'),(8,'anonimo@empresariales',31,1,2024,'VERANO'),(9,'frivera@mixteco.utm.mx',22,1,2023,'B'),(10,'vmcruzm@mixteco.utm.mx',39,0,2023,'A'),(11,'anonimo@empresariales',23,1,2024,'A'),(12,'sreyes@mixteco.utm.mx',44,0,2023,'VERANO'),(13,'grmary@mixteco.utm.mx',34,1,2024,'B'),(14,'perseo@mixteco.utm.mx',16,1,2023,'B'),(15,'alopez@mixteco.utm.mx',33,0,2023,'VERANO'),(16,'jesuslopezluna@mixteco.utm.mx',43,1,2024,'A'),(17,'franco@mixteco.utm.mx',45,1,2024,'A'),(18,'alopez@mixteco.utm.mx',42,1,2023,'VERANO'),(19,'carlos.peral@mixteco.utm.mx',18,1,2024,'A'),(20,'josejuan@mixteco.utm.mx',44,1,2025,'VERANO'),(21,'gjuarezl@mixteco.utm.mx',23,0,2023,'B'),(22,'rvaladez@mixteco.utm.mx',34,0,2024,'B'),(23,'juanespinoza@mixteco.utm.mx',10,1,2024,'A'),(24,'alevelar@mixteco.utm.mx',22,0,2024,'A'),(25,'rtapia@mixteco.utm.mx',34,1,2024,'A'),(26,'ana.olvera@mixteco.utm.mx',31,0,2024,'A'),(27,'nsantos@mixteco.utm.mx',37,1,2023,'B'),(28,'alcauter@mixteco.utm.mx',40,1,2023,'A'),(29,'abad@mixteco.utm.mx',7,0,2024,'A'),(30,'rgarcia@mixteco.utm.mx',34,0,2023,'A'),(31,'sreyes@mixteco.utm.mx',18,1,2024,'B'),(32,'marco.contreras@mixteco.utm.mx',43,0,2024,'B'),(33,'orquidea@mixteco.utm.mx',19,0,2023,'A'),(34,'salomong@mixteco.utm.mx',27,1,2024,'A'),(35,'ramon@mixteco.utm.mx',28,1,2023,'B'),(36,'cabi@mixteco.utm.mx',7,0,2024,'A'),(37,'jlinares@mixteco.utm.mx',11,0,2024,'VERANO'),(38,'jarellano@mixteco.utm.mx',8,0,2024,'A'),(39,'hugoe@mixteco.utm.mx',37,0,2023,'B'),(40,'vtochi@mixteco.utm.mx',31,1,2023,'VERANO'),(41,'eduardomayo@mixteco.utm.mx',19,1,2023,'B'),(42,'saulmr@mixteco.utm.mx',30,1,2024,'B'),(43,'mramirez@mixteco.utm.mx',40,0,2024,'B'),(44,'jaesba@mixteco.utm.mx',45,0,2024,'B'),(45,'pcgm@mixteco.utm.mx',26,1,2024,'A'),(46,'oallende@mixteco.utm.mx',19,0,2023,'VERANO'),(47,'eduardomayo@mixteco.utm.mx',42,0,2023,'A'),(48,'ana.olvera@mixteco.utm.mx',18,0,2023,'VERANO'),(49,'romeo.garcia@mixteco.utm.mx',45,1,2024,'A'),(50,'palafox@mixteco.utm.mx',17,1,2024,'B'),(51,'corona@mixteco.utm.mx',20,1,2024,'A'),(52,'jbarragan@mixteco.utm.mx',40,1,2023,'B'),(53,'jcds@mixteco.utm.mx',48,1,2024,'B'),(54,'iliana@mixteco.utm.mx',29,0,2023,'A'),(55,'jcds@mixteco.utm.mx',5,1,2024,'VERANO'),(56,'veromix@mixteco.utm.mx',30,1,2024,'B'),(57,'jbarahona@mixteco.utm.mx',13,1,2023,'B'),(58,'fsantiag@mixteco.utm.mx',2,0,2023,'A'),(59,'alicia@mixteco.utm.mx',25,1,2023,'B'),(60,'martharuiz@mixteco.utm.mx',27,0,2024,'B'),(61,'jose@mixteco.utm.mx',12,0,2024,'A'),(62,'avallejo@mixteco.utm.mx',35,0,2023,'B'),(63,'jbarahona@mixteco.utm.mx',29,1,2024,'A'),(64,'mdbarreiro@mixteco.utm.mx',36,0,2023,'A'),(65,'mmoreno@mixteco.utm.mx',25,1,2023,'VERANO'),(66,'gris@mixteco.utm.mx',43,1,2023,'B'),(67,'jramirez@mixteco.utm.mx',46,0,2023,'A'),(68,'isalinas@mixteco.utm.mx',39,1,2023,'VERANO'),(69,'arosas@mixteco.utm.mx',13,1,2024,'B'),(70,'jmontesinos@mixteco.utm.mx',24,1,2024,'A'),(71,'jcds@mixteco.utm.mx',24,1,2023,'B'),(72,'gercruz@mixteco.utm.mx',26,1,2023,'B'),(73,'antoniog@mixteco.utm.mx',32,1,2023,'B'),(74,'pacheco@mixteco.utm.mx',16,0,2024,'A'),(75,'iturbide@mixteco.utm.mx',32,1,2024,'VERANO'),(76,'mam@mixteco.utm.mx',47,0,2024,'B'),(77,'jlopez@mixteco.utm.mx',18,1,2023,'VERANO'),(78,'mramales@mixteco.utm.mx',33,0,2023,'VERANO'),(79,'almasalazar@mixteco.utm.mx',4,0,2023,'B'),(80,'mgarcia@mixteco.utm.mx',35,1,2023,'A'),(81,'eduarte@mixteco.utm.mx',20,1,2024,'A'),(82,'veromix@mixteco.utm.mx',17,0,2024,'B'),(83,'pacheco@mixteco.utm.mx',38,0,2024,'B'),(84,'alexbond@mixteco.utm.mx',17,0,2023,'A'),(85,'profesor1empresariales@mixteco.utm.mx',28,1,2023,'B'),(86,'cabi@mixteco.utm.mx',6,1,2023,'B'),(87,'guyelmo_gs@mixteco.utm.mx',46,1,2024,'VERANO'),(88,'veromix@mixteco.utm.mx',6,0,2023,'B'),(89,'rosmag@mixteco.utm.mx',41,0,2024,'A'),(90,'jcalvo@mixteco.utm.mx',49,0,2024,'VERANO'),(91,'pamelamqz@mixteco.utm.mx',42,0,2023,'B'),(92,'jcds@mixteco.utm.mx',38,0,2023,'VERANO'),(93,'ejusto@mixteco.utm.mx',10,0,2023,'A'),(94,'rafaelmtz@mixteco.utm.mx',35,0,2023,'B'),(95,'juanmp@mixteco.utm.mx',31,0,2023,'B'),(96,'alfredo@mixteco.utm.mx',36,1,2024,'B'),(97,'ana.olvera@mixteco.utm.mx',6,0,2023,'B'),(98,'ocetxim@mixteco.utm.mx',46,1,2023,'VERANO'),(99,'edkarguevaraa@gmail.com',28,1,2023,'VERANO'),(100,'jaesba@mixteco.utm.mx',47,0,2024,'VERANO');
/*!40000 ALTER TABLE `profesorymateria` ENABLE KEYS */;
UNLOCK TABLES;

--
-- Table structure for table `profesorytesis`
--

DROP TABLE IF EXISTS `profesorytesis`;
/*!40101 SET @saved_cs_client     = @@character_set_client */;
/*!50503 SET character_set_client = utf8mb4 */;
CREATE TABLE `profesorytesis` (
  `id` int(11) NOT NULL AUTO_INCREMENT,
  `correo` text NOT NULL,
  `rol` text NOT NULL,
  PRIMARY KEY (`id`)
) ENGINE=InnoDB AUTO_INCREMENT=101 DEFAULT CHARSET=utf8mb4 COLLATE=utf8mb4_general_ci;
/*!40101 SET character_set_client = @saved_cs_client */;

--
-- Dumping data for table `profesorytesis`
--

LOCK TABLES `profesorytesis` WRITE;
/*!40000 ALTER TABLE `profesorytesis` DISABLE KEYS */;
INSERT INTO `profesorytesis` VALUES (1,'sreyes@mixteco.utm.mx','Director'),(2,'vcuevas@mixteco.utm.mx','Codirector'),(3,'corro@mixteco.utm.mx','Codirector'),(4,'maya@mixteco.utm.mx','Codirector'),(5,'dbedolla@mixteco.utm.mx','Director'),(6,'hhdez@mixteco.utm.mx','Director'),(7,'maria.lopez@mixteco.utm.mx','Codirector'),(8,'elfego@mixteco.utm.mx','Director'),(9,'marioz@mixteco.utm.mx','Codirector'),(10,'frivera@mixteco.utm.mx','Director'),(11,'ccroldan@mixteco.utm.mx','Director'),(12,'jcsantos@mixteco.utm.mx','Codirector'),(13,'alcauter@mixteco.utm.mx','Director'),(14,'rmarquez@mixteco.utm.mx','Codirector'),(15,'rjamaro@mixteco.utm.mx','Director'),(16,'corro@mixteco.utm.mx','Codirector'),(17,'elugog@mixteco.utm.mx','Director'),(18,'atellezv@mixteco.utm.mx','Director'),(19,'merg@mixteco.utm.mx','Director'),(20,'jgonzal@mixteco.utm.mx','Codirector'),(21,'arreagahm@mixteco.utm.mx','Codirector'),(22,'jcarmona@mixteco.utm.mx','Director'),(23,'cabi@mixteco.utm.mx','Director'),(24,'arturosg@mixteco.utm.mx','Director'),(25,'alcauter@mixteco.utm.mx','Director'),(26,'odramirez@mixteco.utm.mx','Director'),(27,'acosta@mixteco.utm.mx','Codirector'),(28,'tomas@mixteco.utm.mx','Director'),(29,'galvarez@mixteco.utm.mx','Director'),(30,'sinue@mixteco.utm.mx','Codirector'),(31,'raguilaralderete@mixteco.utm.mx','Codirector'),(32,'bhcarlos@mixteco.utm.mx','Codirector'),(33,'monicamejia@mixteco.utm.mx','Director'),(34,'almasalazar@mixteco.utm.mx','Director'),(35,'iliana@mixteco.utm.mx','Codirector'),(36,'franco@mixteco.utm.mx','Director'),(37,'jahdezp@mixteco.utm.mx','Codirector'),(38,'rcruz@mixteco.utm.mx','Director'),(39,'franco@mixteco.utm.mx','Codirector'),(40,'marioz@mixteco.utm.mx','Director'),(41,'rvaladez@mixteco.utm.mx','Director'),(42,'yescas@mixteco.utm.mx','Director'),(43,'armando@mixteco.utm.mx','Codirector'),(44,'arturosg@mixteco.utm.mx','Director'),(45,'conrado@mixteco.utm.mx','Codirector'),(46,'merg@mixteco.utm.mx','Director'),(47,'creyes@mixteco.utm.mx','Director'),(48,'sreyes@mixteco.utm.mx','Codirector'),(49,'profesor1empresariales@mixteco.utm.','Director'),(50,'mmanzano@mixteco.utm.mx','Codirector'),(51,'iaf@mixteco.utm.mx','Codirector'),(52,'fadriana@mixteco.utm.mx','Codirector'),(53,'tomas@mixteco.utm.mx','Codirector'),(54,'pamelamqz@mixteco.utm.mx','Director'),(55,'angoaprovis@mixteco.utm.mx','Codirector'),(56,'alcauter@mixteco.utm.mx','Codirector'),(57,'dulce@mixteco.utm.mx','Director'),(58,'jtenorio@mixteco.utm.mx','Director'),(59,'jmontesinos@mixteco.utm.mx','Director'),(60,'mmarquez@mixteco.utm.mx','Director'),(61,'salomong@mixteco.utm.mx','Codirector'),(62,'abad@mixteco.utm.mx','Director'),(63,'franco@mixteco.utm.mx','Codirector'),(64,'saulmr@mixteco.utm.mx','Codirector'),(65,'oyola_romer@mixteco.utm.mx','Director'),(66,'rmarquez@mixteco.utm.mx','Codirector'),(67,'mmarquez@mixteco.utm.mx','Director'),(68,'oallende@mixteco.utm.mx','Codirector'),(69,'icorrales@mixteco.utm.mx','Codirector'),(70,'arturohm54@mixteco.utm.mx','Director'),(71,'arturosg@mixteco.utm.mx','Director'),(72,'alfredo@mixteco.utm.mx','Director'),(73,'erikue@gmail.com','Codirector'),(74,'guyelmo_gs@mixteco.utm.mx','Director'),(75,'jgonzal@mixteco.utm.mx','Director'),(76,'sinue@mixteco.utm.mx','Codirector'),(77,'claudiaurbano@mixteco.utm.mx','Codirector'),(78,'cisneros@mixteco.utm.mx','Director'),(79,'iguillenc@mixteco.utm.mx','Director'),(80,'jbarragan@mixteco.utm.mx','Codirector'),(81,'alopez@mixteco.utm.mx','Director'),(82,'Eliezer@mixteco.utm.mx','Director'),(83,'erikue@gmail.com','Director'),(84,'cabi@mixteco.utm.mx','Codirector'),(85,'galdino.cardel@mixteco.utm.mx','Codirector'),(86,'orquidea@mixteco.utm.mx','Director'),(87,'icorrales@mixteco.utm.mx','Codirector'),(88,'anibal@mixteco.utm.mx','Director'),(89,'vero0304@mixteco.utm.mx','Codirector'),(90,'arreagahm@mixteco.utm.mx','Director'),(91,'alheran@mixteco.utm.mx','Director'),(92,'raguilaralderete@mixteco.utm.mx','Director'),(93,'ccroldan@mixteco.utm.mx','Director'),(94,'rvaladez@mixteco.utm.mx','Codirector'),(95,'rafaelmtz@mixteco.utm.mx','Codirector'),(96,'cenobio@mixteco.utm.mx','Director'),(97,'maria.lopez@mixteco.utm.mx','Codirector'),(98,'sinue@mixteco.utm.mx','Director'),(99,'eguerrero@mixteco.utm.mx','Codirector'),(100,'eduardin@mixteco.utm.mx','Director');
/*!40000 ALTER TABLE `profesorytesis` ENABLE KEYS */;
UNLOCK TABLES;

--
-- Table structure for table `sni`
--

DROP TABLE IF EXISTS `sni`;
/*!40101 SET @saved_cs_client     = @@character_set_client */;
/*!50503 SET character_set_client = utf8mb4 */;
CREATE TABLE `sni` (
  `id` int(11) NOT NULL AUTO_INCREMENT,
  `correoProfesor` text NOT NULL,
  `inicio` date NOT NULL,
  `fin` date NOT NULL,
  `nivelSNI` text NOT NULL,
  PRIMARY KEY (`id`)
) ENGINE=InnoDB AUTO_INCREMENT=101 DEFAULT CHARSET=utf8mb4 COLLATE=utf8mb4_general_ci;
/*!40101 SET character_set_client = @saved_cs_client */;

--
-- Dumping data for table `sni`
--

LOCK TABLES `sni` WRITE;
/*!40000 ALTER TABLE `sni` DISABLE KEYS */;
INSERT INTO `sni` VALUES (1,'elf@mixteco.utm.mx','2020-01-01','2024-12-31','Nivel I'),(2,'madg@mixteco.utm.mx','2024-06-06','2024-10-17','3'),(3,'angoaprovis@mixteco.utm.mx','2024-03-18','2024-08-17','4'),(4,'jahdezp@mixteco.utm.mx','2024-04-11','2024-09-07','3'),(5,'jgonzal@mixteco.utm.mx','2024-01-25','2024-11-15','2'),(6,'gcgero@mixteco.utm.mx','2024-03-17','2024-10-15','1'),(7,'erikue@gmail.com','2024-03-09','2024-08-05','3'),(8,'santiago@mixteco.utm.mx','2024-01-11','2024-11-04','1'),(9,'mmoreno@mixteco.utm.mx','2024-06-27','2025-12-29','3'),(10,'rmarquez@mixteco.utm.mx','2024-02-21','2024-10-06','1'),(11,'arturosg@mixteco.utm.mx','2024-03-28','2024-10-29','2'),(12,'lalvarez@mixteco.utm.mx','2024-06-28','2024-08-23','3'),(13,'gjuarezl@mixteco.utm.mx','2024-04-17','2024-09-06','2'),(14,'rsalas@mixteco.utm.mx','2024-01-14','2024-12-17','2'),(15,'zarza@mixteco.utm.mx','2024-06-06','2024-10-07','1'),(16,'hsuarez@mixteco.utm.mx','2024-02-10','2024-09-05','1'),(17,'ramon@mixteco.utm.mx','2024-05-23','2024-07-03','4'),(18,'grmary@mixteco.utm.mx','2024-06-18','2024-12-23','3'),(19,'mmarquez@mixteco.utm.mx','2024-01-18','2024-12-13','2'),(20,'viresc@mixteco.utm.mx','2024-05-13','2024-12-06','3'),(21,'elfego@mixteco.utm.mx','2024-01-27','2024-07-20','4'),(22,'castro@mixteco.utm.mx','2024-06-08','2024-09-25','1'),(23,'rafaelmtz@mixteco.utm.mx','2024-06-21','2024-11-16','2'),(24,'maxvell@mixteco.utm.mx','2024-04-23','2024-11-02','3'),(25,'victorhugo@mixteco.utm.mx','2024-05-08','2024-09-21','3'),(26,'romeo.garcia@mixteco.utm.mx','2024-01-03','2024-11-25','3'),(27,'rtapia@mixteco.utm.mx','2024-05-19','2024-10-22','2'),(28,'alopez@mixteco.utm.mx','2024-04-29','2024-10-18','2'),(29,'franco@mixteco.utm.mx','2024-02-25','2024-09-03','1'),(30,'enriquereyesarzola@mixteco.utm.mx','2024-05-20','2024-11-15','2'),(31,'frivera@mixteco.utm.mx','2024-05-29','2024-11-01','3'),(32,'jcds@mixteco.utm.mx','2024-06-04','2024-08-07','4'),(33,'ssanchez@mixteco.utm.mx','2024-02-16','2024-11-25','1'),(34,'sofosmaster@mixteco.utm.mx','2024-04-09','2024-09-24','2'),(35,'franco@mixteco.utm.mx','2024-04-16','2024-09-10','3'),(36,'antoniog@mixteco.utm.mx','2024-04-19','2024-09-27','4'),(37,'abad@mixteco.utm.mx','2024-01-21','2024-07-18','3'),(38,'elf@mixteco.utm.mx','2024-04-30','2024-07-11','4'),(39,'mmoreno@mixteco.utm.mx','2024-05-24','2024-10-25','2'),(40,'alevelar@mixteco.utm.mx','2024-01-12','2024-07-29','2'),(41,'itzco80@mixteco.utm.mx','2024-01-15','2024-07-30','2'),(42,'carmenb@mixteco.utm.mx','2024-04-04','2024-08-07','1'),(43,'mmanzano@mixteco.utm.mx','2024-01-31','2024-11-29','1'),(44,'eduardomayo@mixteco.utm.mx','2024-03-15','2024-08-17','3'),(45,'mramales@mixteco.utm.mx','2024-04-13','2024-09-29','2'),(46,'victorhugo@mixteco.utm.mx','2024-03-27','2024-08-03','2'),(47,'icorrales@mixteco.utm.mx','2024-06-19','2024-12-21','4'),(48,'lauramar@mixteco.utm.mx','2024-03-26','2024-07-17','3'),(49,'marisol@mixteco.utm.mx','2024-04-12','2024-10-06','1'),(50,'jcsantos@mixteco.utm.mx','2024-03-20','2024-10-04','3'),(51,'cabi@mixteco.utm.mx','2024-01-19','2024-07-21','2'),(52,'mmoreno@mixteco.utm.mx','2024-02-12','2024-12-11','3'),(53,'brenda@mixteco.utm.mx','2024-04-11','2024-08-13','2'),(54,'floresaly22@mixteco.utm.mx','2024-04-23','2024-07-10','2'),(55,'cisneros@mixteco.utm.mx','2024-05-03','2024-07-19','2'),(56,'hhdez@mixteco.utm.mx','2024-02-24','2024-12-14','3'),(57,'orquidea@mixteco.utm.mx','2024-01-17','2024-09-10','3'),(58,'saulmr@mixteco.utm.mx','2024-03-11','2024-09-13','1'),(59,'gnoriega@mixteco.utm.mx','2024-04-11','2024-11-01','4'),(60,'ochavez@mixteco.utm.mx','2024-05-01','2024-11-20','3'),(61,'dsalazar@mixteco.utm.mx','2024-06-18','2024-12-04','3'),(62,'vcuevas@mixteco.utm.mx','2024-03-13','2024-10-20','2'),(63,'hchavez@mixteco.utm.mx','2024-05-24','2024-07-13','2'),(64,'thaliarr@mixteco.utm.mx','2024-03-29','2024-12-11','2'),(65,'profesor1empresariales@mixteco.utm.','2024-01-29','2024-10-18','4'),(66,'gcgero@mixteco.utm.mx','2024-03-29','2024-12-27','4'),(67,'jcsantos@mixteco.utm.mx','2024-04-03','2024-07-31','2'),(68,'thaliarr@mixteco.utm.mx','2024-05-09','2024-08-12','1'),(69,'avallejo@mixteco.utm.mx','2024-05-01','2024-09-07','1'),(70,'jamoreno@mixteco.utm.mx','2024-06-26','2024-10-17','1'),(71,'arreagahm@mixteco.utm.mx','2024-06-27','2024-09-10','3'),(72,'jlopez@mixteco.utm.mx','2024-06-05','2024-08-30','2'),(73,'guyelmo_gs@mixteco.utm.mx','2024-05-06','2024-10-08','2'),(74,'mramales@mixteco.utm.mx','2024-02-10','2024-08-31','3'),(75,'hhdez@mixteco.utm.mx','2024-03-08','2024-09-09','1'),(76,'carlos.peral@mixteco.utm.mx','2024-03-31','2024-12-04','3'),(77,'itzco80@mixteco.utm.mx','2024-01-23','2024-08-08','3'),(78,'avith@mixteco.utm.mx','2024-04-04','2024-10-10','1'),(79,'rosario@mixteco.utm.mx','2024-06-12','2024-10-31','2'),(80,'tonito@mixteco.utm.mx','2024-01-20','2024-11-08','2'),(81,'jaesba@mixteco.utm.mx','2024-04-16','2025-12-30','4'),(82,'vidluz@mixteco.utm.mx','2024-05-06','2024-11-17','3'),(83,'icorrales@mixteco.utm.mx','2024-01-03','2024-12-19','4'),(84,'sinue@mixteco.utm.mx','2024-03-16','2024-12-04','3'),(85,'rtapia@mixteco.utm.mx','2024-02-15','2024-09-15','3'),(86,'lauramar@mixteco.utm.mx','2024-03-23','2024-10-24','2'),(87,'mam@mixteco.utm.mx','2024-05-24','2024-11-22','1'),(88,'mmanzano@mixteco.utm.mx','2024-05-21','2024-08-14','2'),(89,'vcuevas@mixteco.utm.mx','2024-02-18','2024-07-15','3'),(90,'mreyesg@mixteco.utm.mx','2024-05-30','2024-07-03','2'),(91,'cmillanh@mixteco.utm.mx','2024-05-10','2024-10-29','4'),(92,'abad@mixteco.utm.mx','2024-02-12','2024-11-15','3'),(93,'jamoreno@mixteco.utm.mx','2024-03-30','2024-07-17','1'),(94,'everth@mixteco.utm.mx','2024-01-11','2024-10-09','2'),(95,'ltaraujo@mixteco.utm.mx','2024-05-11','2024-11-10','2'),(96,'rvaladez@mixteco.utm.mx','2024-05-29','2024-10-23','2'),(97,'gercruz@mixteco.utm.mx','2024-01-29','2024-07-17','2'),(98,'jose@mixteco.utm.mx','2024-03-01','2024-07-02','2'),(99,'yescas@mixteco.utm.mx','2024-01-02','2024-07-25','3'),(100,'cisneros@mixteco.utm.mx','2024-05-16','2024-10-10','3');
/*!40000 ALTER TABLE `sni` ENABLE KEYS */;
UNLOCK TABLES;

--
-- Table structure for table `tesistas`
--

DROP TABLE IF EXISTS `tesistas`;
/*!40101 SET @saved_cs_client     = @@character_set_client */;
/*!50503 SET character_set_client = utf8mb4 */;
CREATE TABLE `tesistas` (
  `id` int(11) NOT NULL AUTO_INCREMENT,
  `matricula` text NOT NULL,
  `status` text NOT NULL,
  `inicioTesis` date NOT NULL,
  `finTesis` date NOT NULL,
  `nombreTesis` text NOT NULL,
  `nombreEstudiante` text NOT NULL,
  `nivel` varchar(20) NOT NULL DEFAULT 'Licenciatura',
  `comprobante` text NOT NULL,
  PRIMARY KEY (`id`)
) ENGINE=InnoDB AUTO_INCREMENT=101 DEFAULT CHARSET=utf8mb4 COLLATE=utf8mb4_general_ci;
/*!40101 SET character_set_client = @saved_cs_client */;

--
-- Dumping data for table `tesistas`
--

LOCK TABLES `tesistas` WRITE;
/*!40000 ALTER TABLE `tesistas` DISABLE KEYS */;
INSERT INTO `tesistas` VALUES (1,'2014020651','501','2024-06-10','2024-09-30','risus odio, auctor vitae, aliquet','Rhoda F. Valenzuela','Licenciatura','YQM12RYP3FY'),(2,'2014020607','501','2024-05-26','2024-11-15','purus mauris a nunc. In at','Phelan F. Reynolds','Licenciatura','JGX27LVR3WV'),(3,'2014020518','501','2024-05-27','2024-08-04','tellus justo sit amet nulla. Donec','Unity D. Dorsey','Licenciatura','VHB52HDZ7DU'),(4,'2014020450','501','2024-03-04','2024-08-10','odio a purus. Duis elementum,','Quinlan M. Snyder','Licenciatura','TDM36AVW5DL'),(5,'2014020471','501','2024-05-21','2024-11-04','Fusce dolor quam, elementum','Paula F. Johnston','Licenciatura','OXR89TON8KY'),(6,'2014020526','500','2024-05-31','2024-12-10','pede. Suspendisse dui. Fusce','Lance H. Ross','Licenciatura','IDN77SNK2PC'),(7,'2014020604','501','2024-05-08','2024-08-14','justo faucibus lectus, a sollicitudin','Marny M. Gilbert','Licenciatura','QPI45KOW0BK'),(8,'2014020428','501','2024-03-06','2024-10-24','in, tempus eu, ligula. Aenean euismod','Nicholas V. Fitzpatrick','Licenciatura','RUB50QHF1IN'),(9,'2014020621','501','2024-03-19','2024-11-14','neque sed sem egestas','Rogan K. Harding','Licenciatura','WET72BUI6CQ'),(10,'2014020514','500','2024-02-24','2024-09-03','eu, odio. Phasellus at augue','Alvin K. Jacobs','Licenciatura','XLV15WOS7XX'),(11,'2014020506','500','2024-04-18','2024-10-22','gravida sagittis. Duis gravida.','Brandon O. Harper','Licenciatura','MBE12MYZ2DI'),(12,'2014020553','500','2024-02-27','2024-07-09','elit. Aliquam auctor,','Amity C. Jordan','Licenciatura','DBX23KJP0UM'),(13,'2014020629','501','2024-03-08','2024-11-12','nonummy ipsum non arcu.','Byron E. Atkins','Licenciatura','LFP98GRZ2IJ'),(14,'2014020654','501','2024-02-09','2024-07-28','lectus pede, ultrices a,','Keegan N. Winters','Licenciatura','IRF63KVO4CD'),(15,'2014020603','500','2024-04-30','2024-11-30','sapien imperdiet ornare. In','Hayfa V. Bradley','Licenciatura','KSA15OFO4YF'),(16,'2014020472','501','2024-03-19','2024-10-10','pede nec ante blandit','Keane G. Valdez','Licenciatura','CSC54SAG6TY'),(17,'2014020676','501','2024-03-12','2025-01-10','Nunc ac sem ut dolor','Rama M. Giles','Licenciatura','PGH23HOX6QZ'),(18,'2014020533','501','2024-03-26','2024-09-03','leo elementum sem, vitae','Shay C. Bryan','Licenciatura','VVY20UQP2NH'),(19,'2014020466','501','2024-06-22','2024-10-31','In condimentum. Donec','Vanna X. Kemp','Licenciatura','QOI82LCI7WE'),(20,'2014020439','500','2024-05-01','2024-07-01','a feugiat tellus lorem','Brett C. Velasquez','Licenciatura','FXP26VES6OE'),(21,'2014020525','501','2024-04-08','2024-10-30','ac libero nec ligula','Wang G. Macias','Licenciatura','OMR61EKA4SW'),(22,'2014020669','501','2024-02-26','2024-07-15','sodales purus, in molestie tortor nibh','Armando H. Dickerson','Licenciatura','PWJ46XFS9JP'),(23,'2014020471','501','2024-04-06','2025-01-10','blandit enim consequat purus. Maecenas','Deacon Y. Meadows','Licenciatura','FQS22XFK8YQ'),(24,'2014020455','500','2024-06-25','2025-01-01','rhoncus id, mollis','Channing D. Aguilar','Licenciatura','QMF41OOB4UM'),(25,'2014020519','501','2024-06-20','2024-08-08','pede. Cras vulputate velit eu','Kessie G. Underwood','Licenciatura','RFL82JSW3DR'),(26,'2014020566','501','2024-03-29','2024-10-16','mi, ac mattis velit','Clark U. Wall','Licenciatura','EHY19DOS7MS'),(27,'2014020540','500','2024-05-22','2024-10-03','Sed nec metus facilisis','Elliott W. Glass','Licenciatura','QHI78VVZ7GC'),(28,'2014020656','500','2024-05-04','2024-08-20','amet ante. Vivamus non lorem','Katelyn I. Carney','Licenciatura','WRK32DOB2RG'),(29,'2014020554','500','2024-04-17','2024-11-05','Duis dignissim tempor arcu. Vestibulum','Nash O. Clay','Licenciatura','BGT15YNK2NG'),(30,'2014020450','500','2024-05-31','2024-09-29','In tincidunt congue turpis.','Aquila S. Schroeder','Licenciatura','MNI47CEO7EX'),(31,'2014020570','500','2024-06-18','2024-10-26','libero. Donec consectetuer mauris id','Catherine J. Fletcher','Licenciatura','ZWS22POC1ZG'),(32,'2014020577','500','2024-02-24','2024-07-26','montes, nascetur ridiculus mus.','Victor H. Richard','Licenciatura','IXO29MPX4DC'),(33,'2014020516','501','2024-03-14','2024-09-23','metus. Aenean sed pede nec','Alfreda X. Beasley','Licenciatura','FKN12NKR2IC'),(34,'2014020609','500','2024-02-26','2024-09-10','nec, eleifend non, dapibus','Amal K. Stevens','Licenciatura','TCC52JQW5QU'),(35,'2014020649','500','2024-05-06','2024-08-12','facilisi. Sed neque.','Oliver F. Cohen','Licenciatura','DCB32CRO9ZD'),(36,'2014020681','500','2024-04-28','2024-10-28','ridiculus mus. Proin vel arcu','Laurel J. Guthrie','Licenciatura','IVP01XMH4KV'),(37,'2014020530','501','2024-05-24','2024-11-20','ligula. Aenean gravida','Tatiana J. Wallace','Licenciatura','MCB15UII9NK'),(38,'2014020443','501','2024-06-09','2024-08-29','leo. Morbi neque tellus,','Chester E. Evans','Licenciatura','RVX67GTX2KJ'),(39,'2014020460','500','2024-03-30','2024-07-02','nascetur ridiculus mus. Proin','Quamar U. Contreras','Licenciatura','KYX78XEU0LV'),(40,'2014020598','500','2024-03-08','2024-08-13','risus, at fringilla purus mauris','Mari W. Wolf','Licenciatura','JMP13VGO8TF'),(41,'2014020466','501','2024-04-01','2024-08-29','neque. In ornare sagittis felis. Donec','Beau R. Cross','Licenciatura','QEC27LQZ8SU'),(42,'2014020664','500','2024-04-17','2024-07-14','Mauris non dui nec','Carlos K. Mathis','Licenciatura','HCP82TIL2WH'),(43,'2014020627','500','2024-06-10','2024-10-06','massa lobortis ultrices. Vivamus rhoncus. Donec','Talon M. Johnston','Licenciatura','PNL42BGD8YV'),(44,'2014020436','500','2024-02-24','2024-11-05','porttitor vulputate, posuere vulputate,','Laura D. Albert','Licenciatura','GHW64IHY6VO'),(45,'2014020683','501','2024-05-01','2024-08-07','consectetuer ipsum nunc id enim.','Kaye J. Flores','Licenciatura','GKL67PIE6WV'),(46,'2014020555','500','2024-02-23','2024-11-08','lectus justo eu','Damian H. Frye','Licenciatura','VPC92RCE9DZ'),(47,'2014020467','500','2024-05-16','2024-12-21','lacinia. Sed congue, elit sed consequat','Cain M. Marshall','Licenciatura','TAL61BTY8FL'),(48,'2014020626','500','2024-06-26','2024-10-30','montes, nascetur ridiculus mus. Aenean','Rajah U. Gross','Licenciatura','SOV85CAD7UC'),(49,'2014020448','500','2024-06-27','2024-07-20','at sem molestie sodales.','Amanda G. Stanton','Licenciatura','XJI38PBG0FV'),(50,'2014020549','501','2024-02-08','2025-01-09','tellus, imperdiet non, vestibulum nec, euismod','Aiko D. Hampton','Licenciatura','KJZ64NGN2UB'),(51,'2014020645','501','2024-05-21','2024-12-04','ac facilisis facilisis, magna tellus','Zenaida F. Hinton','Licenciatura','GHG27VVE3BP'),(52,'2014020679','500','2024-06-15','2024-09-04','luctus vulputate, nisi sem semper','Stuart V. Herman','Licenciatura','UNQ16GIX6TK'),(53,'2014020679','501','2024-05-03','2024-11-28','a odio semper cursus. Integer mollis.','Adrian V. Rosa','Licenciatura','OKT73ODX5TT'),(54,'2014020509','501','2024-03-15','2024-11-06','luctus, ipsum leo','Vance G. Hicks','Licenciatura','NXM74KNB1KX'),(55,'2014020572','500','2024-06-11','2024-11-12','Vivamus sit amet risus.','Melyssa K. Vaughan','Licenciatura','CLF58KOO4HV'),(56,'2014020519','501','2024-04-17','2024-09-28','magna. Suspendisse tristique neque','Martina X. Walker','Licenciatura','YSM75HJM3GO'),(57,'2014020503','501','2024-06-01','2024-12-22','lorem ac risus. Morbi metus.','Xena S. Petty','Licenciatura','TJC73SAH1IB'),(58,'2014020631','501','2024-04-09','2024-10-29','ante. Vivamus non','Forrest W. Freeman','Licenciatura','VMJ56CLP3PX'),(59,'2014020666','500','2024-05-17','2024-10-03','pede. Praesent eu dui.','Ria Z. Holden','Licenciatura','EYB19XLL6CY'),(60,'2014020479','500','2024-02-16','2024-11-04','amet ornare lectus justo eu arcu.','Joel U. Bray','Licenciatura','JEY47HLX3CC'),(61,'2014020556','500','2024-02-02','2024-11-16','dis parturient montes, nascetur','Lars M. Harrison','Licenciatura','NAB35GHP9NR'),(62,'2014020525','500','2024-04-09','2024-10-19','nisl. Quisque fringilla euismod enim. Etiam','Jonas Q. Hardy','Licenciatura','SAD87KHJ9VT'),(63,'2014020584','500','2024-02-05','2024-07-20','magna. Duis dignissim tempor arcu.','Jordan Q. Everett','Licenciatura','KKE62OSP6TM'),(64,'2014020691','500','2024-04-29','2024-11-04','vestibulum nec, euismod in, dolor.','Hadassah K. Everett','Licenciatura','EAO53WXU2DN'),(65,'2014020691','501','2024-05-05','2024-11-26','libero lacus, varius et,','Colette W. Harvey','Licenciatura','EJJ18VXJ1IZ'),(66,'2014020700','500','2024-04-03','2024-09-15','turpis vitae purus gravida','Kennan C. Alford','Licenciatura','DSS71YGM1GV'),(67,'2014020617','500','2024-06-02','2025-12-29','Suspendisse dui. Fusce','Nyssa P. David','Licenciatura','SRT15UYW2IY'),(68,'2014020640','501','2024-04-19','2024-11-10','lectus, a sollicitudin orci sem','Mohammad T. Pope','Licenciatura','TRW46LDD2EL'),(69,'2014020544','500','2024-05-17','2024-09-03','augue porttitor interdum. Sed','Murphy C. Lucas','Licenciatura','OEL52IRP6FN'),(70,'2014020499','501','2024-06-07','2024-07-18','eget tincidunt dui','Tanner U. Rose','Licenciatura','RVG26AOM2LB'),(71,'2014020681','501','2024-06-06','2024-10-18','mauris ut mi.','Flavia P. Marks','Licenciatura','XLN13IYN2DS'),(72,'2014020669','500','2024-04-13','2025-12-30','Nunc ut erat. Sed','Sonya D. Carroll','Licenciatura','JVH26RUB6BY'),(73,'2014020428','501','2024-03-11','2024-09-20','eu, ligula. Aenean euismod mauris eu','Helen A. Murray','Licenciatura','JMF69NYR7BL'),(74,'2014020509','500','2024-06-29','2024-10-03','Nunc ut erat. Sed','Janna Y. O\'Neill','Licenciatura','MTV28FLJ7XF'),(75,'2014020573','501','2024-03-08','2024-08-11','ligula. Nullam enim. Sed nulla','Grady R. Jacobs','Licenciatura','RCV84DHD8PD'),(76,'2014020589','500','2024-03-25','2024-10-30','sapien. Nunc pulvinar arcu et','Zorita G. Maynard','Licenciatura','GXL40FPN7ME'),(77,'2014020631','500','2024-03-20','2024-09-30','Quisque imperdiet, erat nonummy ultricies ornare,','Tatum P. Mason','Licenciatura','PBK86INS8JL'),(78,'2014020583','500','2024-04-12','2024-09-10','In faucibus. Morbi vehicula.','Olympia U. Fields','Licenciatura','XVR66QSS0BU'),(79,'2014020429','501','2024-04-02','2024-12-22','pellentesque. Sed dictum. Proin','Breanna F. West','Licenciatura','FTC21LXF3PE'),(80,'2014020655','500','2024-02-22','2024-10-26','ligula. Donec luctus aliquet','Azalia G. Anthony','Licenciatura','XQU52TYR0JT'),(81,'2014020492','500','2024-03-02','2024-07-21','quam. Pellentesque habitant morbi tristique senectus','Justina M. Rodgers','Licenciatura','JMU33FOX1YL'),(82,'2014020635','500','2024-03-31','2024-10-01','Nunc sed orci lobortis','Gil N. Mccarty','Licenciatura','DNP86WNH3SU'),(83,'2014020509','500','2024-06-19','2024-12-03','eu metus. In lorem.','Kenyon O. Stanley','Licenciatura','EOG50GNG6KU'),(84,'2014020586','500','2024-05-03','2025-01-03','sit amet ultricies sem','Karina R. Stanley','Licenciatura','CTO12MYT2SQ'),(85,'2014020546','500','2024-05-27','2024-10-25','Curabitur egestas nunc sed','Jemima E. Watts','Licenciatura','WGI31CMN2UA'),(86,'2014020681','501','2024-05-31','2024-11-22','ante blandit viverra. Donec','Cade P. Gilmore','Licenciatura','TOL06OYC4YS'),(87,'2014020632','500','2024-03-20','2024-11-11','neque vitae semper egestas,','Kaye G. Nieves','Licenciatura','GRV26JNC5OV'),(88,'2014020628','501','2024-03-30','2024-09-28','metus. In nec orci.','Devin K. Schultz','Licenciatura','SMR82BNR2XD'),(89,'2014020571','501','2024-02-10','2024-11-18','amet, risus. Donec nibh enim,','Noble K. Castaneda','Licenciatura','SQQ74DXQ5MS'),(90,'2014020508','500','2024-05-21','2025-01-07','imperdiet, erat nonummy ultricies ornare, elit','Roth P. Pratt','Licenciatura','DXF48LRY4KC'),(91,'2014020486','501','2024-03-06','2024-07-15','consequat nec, mollis vitae, posuere at,','Joan Q. Mckenzie','Licenciatura','THF85DQJ6EE'),(92,'2014020461','501','2024-06-12','2024-08-23','non justo. Proin','Madeline X. Robles','Licenciatura','MAI09DVL2GE'),(93,'2014020644','501','2024-04-06','2024-10-30','arcu. Morbi sit amet','Tyler J. Carr','Licenciatura','CLP52WDD5QT'),(94,'2014020466','501','2024-05-13','2024-12-08','Ut tincidunt orci quis lectus.','Vernon L. Galloway','Licenciatura','NPN57YIH4FA'),(95,'2014020688','501','2024-05-21','2024-11-28','eget tincidunt dui augue eu tellus.','Isabelle N. Pennington','Licenciatura','OMU59PQV0WJ'),(96,'2014020557','501','2024-03-07','2025-12-31','arcu imperdiet ullamcorper. Duis at','Maxwell O. Robles','Licenciatura','HDT43ZNG2NK'),(97,'2014020606','500','2024-02-02','2025-01-07','pellentesque a, facilisis non, bibendum','Raymond T. Case','Licenciatura','TIY24QDX5DT'),(98,'2014020435','500','2024-04-05','2024-12-08','habitant morbi tristique','Oprah E. Stone','Licenciatura','DQH70JKO6BV'),(99,'2014020623','500','2024-05-28','2024-10-26','ac facilisis facilisis, magna tellus faucibus','Galena L. Mendoza','Licenciatura','MTB46SYF0XW'),(100,'2014020691','500','2024-03-16','2024-08-08','aliquet molestie tellus. Aenean','Pascale Q. Lyons','Licenciatura','AJX61GDC3QF');
/*!40000 ALTER TABLE `tesistas` ENABLE KEYS */;
UNLOCK TABLES;
/*!40103 SET TIME_ZONE=@OLD_TIME_ZONE */;

/*!40101 SET SQL_MODE=@OLD_SQL_MODE */;
/*!40014 SET FOREIGN_KEY_CHECKS=@OLD_FOREIGN_KEY_CHECKS */;
/*!40014 SET UNIQUE_CHECKS=@OLD_UNIQUE_CHECKS */;
/*!40101 SET CHARACTER_SET_CLIENT=@OLD_CHARACTER_SET_CLIENT */;
/*!40101 SET CHARACTER_SET_RESULTS=@OLD_CHARACTER_SET_RESULTS */;
/*!40101 SET COLLATION_CONNECTION=@OLD_COLLATION_CONNECTION */;
/*!40111 SET SQL_NOTES=@OLD_SQL_NOTES */;

-- Dump completed on 2025-01-27  9:33:37
